"","XUP","XUP_ROT","YUP","YUP_ROT","Raw_Speed_UP","Compass_Dir_UP","Vec_Rot_Speed_UP","Depth_UP","XDN","XDN_ROT","YDN","YDN_ROT","Raw_Speed_DN","Compass_Dir_DN","Vec_Rot_Speed_DN","Depth_DN","PAR","UP_Oxy","UP_Temp","DN_Oxy","DN_Temp","Wind_Speed","mean_solar_rad_kwpm2","PP","DNOff","O2_Diff","airflux"
"2018-01-19 12:00:00",-0.00752186147186149,-0.0152720425663338,-0.31810783982684,-0.29608615190473,0.330438430181701,181.35454258544,0.306407219933894,2.25661130411113,-0.0366328307692308,-0.0367077046011497,-0.178995692307692,-0.173624263379085,0.187572224458274,191.5662986642,0.181884835099535,2.69330577707854,2144.6977,209.745172823301,29.64344,220.522429044807,29.81172,3.76652,0.71666,44.8608221365283,219.589424766784,9.84425194348224,3.08032671041071
"2018-01-19 13:00:00",-0.00748044011544013,-0.0126219986797598,-0.278657258297258,-0.260037056031055,0.28853131424331,181.537712439524,0.268668330713898,2.26375729061685,-0.0208960256410256,-0.0211362820524308,-0.157246820512821,-0.148195552299382,0.166600102602271,187.569503881622,0.156485289057189,2.7143096703301,2108.68791666667,209.575310045419,29.66155,220.199401628858,29.81665,3.98295,0.724783333333333,43.2236683915004,220.402772336683,10.8274622912632,3.07375266090537
"2018-01-19 14:00:00",0.00253906926406924,-0.00563669639104757,-0.271000284992785,-0.248013073410482,0.283734579484325,179.463197237361,0.258416509717625,2.23639385356224,-0.0243514615384615,-0.0245397003929346,-0.166230153846154,-0.159105008174171,0.173562212859761,188.33411931249,0.166086365129487,2.68752234770457,2030.535,210.265951908453,29.6502166666667,220.50734723889,29.8042,2.33276666666667,0.737566666666667,38.3792250075113,219.88165609072,9.61570418226751,2.28566294475257
"2018-01-19 15:00:00",-0.00164742063492064,-0.00855305386860543,-0.295254087301587,-0.272021738157122,0.30788892111243,180.319688254662,0.282834547416423,2.19583555089119,-0.0320409722222222,-0.0327453049436499,-0.166146916666667,-0.160869336975336,0.174051859273187,190.915334667079,0.168254960336979,2.64044083443264,1483.08025,210.620409869367,29.6580166666667,218.825819044406,29.7334,4.20671666666667,0.44765,29.0004587403131,217.895460511328,7.27505064196156,3.24420858826092
"2018-01-19 16:00:00",-0.0245759983291562,-0.0279787521705662,-0.280057562656642,-0.264145162713782,0.29244853018275,185.015051681448,0.275005705868081,2.15197251460189,-0.0452671388888889,-0.0448980633061873,-0.164555666666667,-0.15845328069335,0.177607070482308,195.380889988562,0.170600197237812,2.59911571665834,542.631291666667,206.859858428652,29.6218,213.946122368408,29.6507,2.78975,0.209116666666667,9.92513533918664,209.658314803576,2.79845637492375,2.01794888053347
"2018-01-19 17:00:00",-0.0234986173767753,-0.0259432582298799,-0.26431276106934,-0.25002593888637,0.274759732267748,185.080500332421,0.259633881508729,2.11678342689958,-0.0277844722222222,-0.0279411240095172,-0.1313385,-0.125199836224697,0.140601923102932,191.944731680052,0.133723025745959,2.57016934072025,521.329583333333,206.048731170698,29.6134666666667,208.722579097301,29.5576333333333,1.58591666666667,0.201533333333333,-5.18342897510905,205.028045209153,-1.02068596154546,1.26928826624062
"2018-01-19 18:00:00",-0.0194661988304094,-0.0232193892333035,-0.240217314814815,-0.224423205888296,0.252879023728757,184.632885108327,0.235412326561391,2.06637261298611,-0.0336813103864734,-0.033179642311932,-0.131618085748792,-0.12590553400005,0.142162095861437,194.354058183905,0.13571446353195,2.52614416046992,37.387510625,202.09823765027,29.54795,201.511845889125,29.4966166666667,2.16763333333333,0.00921666666666667,-21.2334404367372,196.199976124682,-5.89826152558793,0.861135637949577
"2018-01-19 19:00:00",-0.00633464912280702,-0.012086981447133,-0.214240823586745,-0.196949810898315,0.226058059143534,181.693621849504,0.206731590902591,2.03951262542934,-0.0379534722222222,-0.0368192639198747,-0.125538254830918,-0.119840589765939,0.137881273434078,196.821429245366,0.13114935152547,2.49940116978221,0.432513666666667,201.209969242869,29.5168,195.237338044144,29.4248333333333,2.00003333333333,0,-19.1396633181828,195.243991547111,-5.96597769575824,0.498225901280633
"2018-01-19 20:00:00",-0.00639969785575052,-0.0138326100236205,-0.207898942495127,-0.188877490180081,0.22279019532325,181.763163951502,0.200685838254336,2.04502913684246,-0.0613664251207729,-0.0571191274128875,-0.126955766908213,-0.121759280132075,0.14665456536433,205.797662161032,0.139350209931827,2.50629991921872,NA,200.885752885597,29.4930666666667,195.31556692779,29.3998333333333,2.57221666666667,0,-21.6144451674513,194.207109868385,-6.67864301721167,0.54001192282984
"2018-01-19 21:00:00",-0.0134466228070175,-0.0199979368355467,-0.224988859649123,-0.208465708592419,0.237600642850037,183.420255459778,0.219089328761926,2.09597053202529,-0.0276930555555555,-0.0276311362358755,-0.113718055555556,-0.107614739321105,0.124153620396879,193.686484088622,0.116845783254984,2.55260580851946,NA,201.188754114841,29.4874166666667,193.608062420363,29.3587166666667,3.17738333333333,0,-22.6363016218706,194.173815194765,-7.01493892007557,0.525033787211886
"2018-01-19 22:00:00",-0.00899133458646617,-0.0129505356092694,-0.249963047201337,-0.233206593232115,0.259235473267115,182.060078511616,0.241669662927774,2.15479471439247,-0.0132916666666667,-0.017631327308191,-0.122829027777778,-0.113225977220192,0.133140051924268,186.176101186646,0.121348090767297,2.60498001495717,NA,201.160629049732,29.4760333333333,194.548107054285,29.38095,2.70398333333333,0,-21.4142642561346,195.135035293829,-6.02559375590304,0.52717202492172
"2018-01-19 23:00:00",-0.00691876984126986,-0.0105749450874582,-0.263610476190476,-0.247288439273772,0.27122744354613,181.503450559817,0.254114804912518,2.20403978931072,-0.00921376923076923,-0.0105589458426931,-0.116796,-0.108547378755387,0.123410346039606,184.510591540886,0.114386415793924,2.65367415605153,NA,201.019798372815,29.4566833333333,195.303956680271,29.37455,2.71011666666667,0,-19.7290805164682,195.643245658464,-5.37655271435139,0.553911518188476
"2018-01-20 00:00:00",-0.000143722943722944,-0.0065836164706716,-0.27563575036075,-0.25829939100337,0.283787660589713,180.029875339724,0.263633799821566,2.24321936239676,-0.015814641025641,-0.0188763118563196,-0.136234435897436,-0.127490717759854,0.145014326896835,186.621487922908,0.134905392627976,2.68881604972374,NA,200.693204653416,29.4444333333333,195.824007476442,29.3695833333333,2.70506666666667,0,-19.703964882325,195.860636290333,-4.8325683630831,0.572669170014962
"2018-01-20 01:00:00",-0.00736940836940835,-0.0123106948754729,-0.292381457431457,-0.274367025723891,0.300906919577472,181.443821424128,0.281760385093033,2.2595745174939,-0.0182058974358974,-0.0187314915039046,-0.158995282051282,-0.152289937113208,0.16440558863601,186.532254326669,0.157370833784898,2.705550353659,NA,200.618176526658,29.4257333333333,195.907490120569,29.3521166666667,3.41698333333333,0,-21.4951416114156,195.896145736255,-4.72203079040255,0.686241671280671
"2018-01-20 02:00:00",-0.00524882034632038,-0.0098251756042578,-0.271733531746032,-0.254018542938359,0.28009131542371,181.106590900298,0.261394675608214,2.23142312859184,-0.0404644871794872,-0.0402793530081843,-0.14595241025641,-0.141963086484189,0.155767565111274,195.49573546083,0.151405655185492,2.68054689067662,NA,199.770061410088,29.417,195.452139272233,29.3517833333333,2.34173333333333,0,-21.8624277348658,194.578990720067,-5.19107069002095,0.477723486094222
"2018-01-20 03:00:00",-0.0233073412698413,-0.0262122420176277,-0.238410912698413,-0.226005741811131,0.248373445606719,185.583562447696,0.234807896972886,2.1907003088175,-0.0468982222222222,-0.0461735426172237,-0.163295055555556,-0.158881986768664,0.174741182032507,196.024027409312,0.169871551443972,2.64451880369735,NA,199.410673583766,29.40485,194.650227947245,29.3304333333333,2.50168333333333,0,-18.0922143577884,194.995226527489,-4.41544705627656,0.425916509573691
"2018-01-20 04:00:00",-0.00594153926482875,-0.0100639233323788,-0.261717815371763,-0.244627355224179,0.269871753328853,181.3005100648,0.252019129802114,2.15769981176196,-0.06822025,-0.0660436084454401,-0.171444638888889,-0.167572534102611,0.188533731172939,201.698309855499,0.183898994283541,2.60787961936737,0.404132375,200.068062717461,29.3791,195.148262420983,29.31075,2.19501666666667,0,-21.0823723189915,195.203464915026,-4.86459780243525,0.462913623284297
"2018-01-20 05:00:00",-0.0243211842105263,-0.0290528831155781,-0.261812631578947,-0.245033449497269,0.276384068953689,185.307281742424,0.257483491048013,2.12692828664706,-0.0605159722222222,-0.0582745936097569,-0.153456055555556,-0.150366592990978,0.168475815276636,201.521983301167,0.164443913669574,2.58324256518238,10.9597808333333,200.380738509699,29.30225,195.612634512452,29.2508333333333,2.4111,0.00165,-20.0557296776319,195.538005898545,-4.84273261115352,0.500897588719606
"2018-01-20 06:00:00",-0.0166225,-0.0196369820503518,-0.222589868421053,-0.209256935499438,0.231995668806566,184.27078987866,0.217723698655223,2.09794103400201,-0.0205319444444445,-0.0218722710144702,-0.10943125,-0.102438276156011,0.119754421465882,190.626526372002,0.110652584473034,2.55714461636857,237.972054166667,201.442177766319,29.3112166666667,195.841435295496,29.1984833333333,2.82288333333333,0.0315666666666667,-1.03585547943347,201.426562910432,-0.0156148558870797,0.54802993533236
"2018-01-20 07:00:00",-0.0111449561403509,-0.0149735509288935,-0.227295087719298,-0.211705303394396,0.23730996658128,182.807134725105,0.22062184343803,2.05740923111535,-0.0232581823671498,-0.0238382148016114,-0.106721920289855,-0.101039285485445,0.115090817974748,192.294383144911,0.108858714401337,2.52031082035431,705.574125,204.616996244557,29.3344666666667,203.783891542995,29.2828666666667,2.1712,0.136883333333333,15.7427367973196,210.260094505262,5.64309826070525,0.985107792866679
"2018-01-20 08:00:00",-0.0188540789473684,-0.0212354796202254,-0.218989868421053,-0.208285992556519,0.226198975683737,184.920783935595,0.214933452062302,2.05271407394591,-0.0231971920289855,-0.022430420496118,-0.102596618357488,-0.0965786350455077,0.111769905351529,192.740409093589,0.10489583668998,2.51919685824741,1209.95075,207.537191517178,29.3872333333333,211.601439478613,29.3788666666667,2.89956666666667,0.340016666666667,28.7345342922198,217.893534367684,10.3563428505057,1.67945216993371
"2018-01-20 09:00:00",-0.0294498245614035,-0.0311438813471361,-0.241074649122807,-0.229973983673373,0.250636649006371,186.964778148942,0.239151129075333,2.09153864470209,-0.0394751666666667,-0.0374881365439719,-0.131070083333333,-0.126732799033924,0.142377374611343,196.76104185001,0.136884365830928,2.55503072287655,1702.43675,209.036914937392,29.447,218.822687529974,29.5289833333333,3.39575,0.587583333333333,41.5223793383554,221.546344773363,12.5094298359709,2.51545867431618
"2018-01-20 10:00:00",-0.0225322326649958,-0.0245679293819746,-0.229843116123642,-0.218851269075649,0.237947084532027,185.598992118423,0.226387852529236,2.12579546504486,-0.0464390555555555,-0.0442350064683167,-0.131608666666667,-0.127512305675689,0.144607419190588,199.435752264182,0.139435459674476,2.58928744577418,1974.49125,210.417225425547,29.4968666666667,222.317845847471,29.6430333333333,4.10175,0.711766666666667,38.5212489631215,222.367185372205,11.9499599466576,3.16320506342615
"2018-01-20 11:00:00",-0.0264547619047619,-0.0280064392280114,-0.261557142857143,-0.250042553773608,0.26977110664148,185.775445459599,0.257862963707569,2.15220308813575,-0.0696410555555556,-0.0666346309132,-0.156254861111111,-0.151365859441571,0.175822854872285,204.022001834994,0.169788340872202,2.61251525724158,2142.19458333333,210.89285424089,29.5125,222.272675063126,29.6745833333333,3.44395,0.805616666666667,44.0726649713029,222.268370795074,11.3755165541844,2.99867805677791
"2018-01-20 12:00:00",-0.0377951984126984,-0.0392666398363706,-0.279211468253968,-0.270354144644415,0.28728545059715,187.708932601642,0.278061501779668,2.1899458985863,-0.0568226666666667,-0.0551607904514898,-0.160018,-0.155724989846463,0.174618968716114,199.550037861083,0.169639314330236,2.64941596734942,2138.12083333333,211.276465846824,29.5330833333333,222.846022711915,29.69985,4.10285,0.882833333333333,45.7825974707217,222.520426021638,11.2439601748146,3.43785591690864
"2018-01-20 13:00:00",-0.0320305808080808,-0.0326576052500897,-0.281191616161616,-0.272490683853267,0.287062999379462,186.498560341552,0.278269715589059,2.23140766890433,-0.0727487948717949,-0.0702153080474238,-0.181952333333333,-0.177217973278899,0.200901931078872,201.79268459923,0.195271570834106,2.69091225544287,2017.99333333333,210.370676422485,29.53085,220.783839248046,29.6735,4.34816666666667,0.893933333333333,44.0462222909394,220.357399725287,9.98672330280256,3.39659383504992
"2018-01-20 14:00:00",-0.036581746031746,-0.0381280322916967,-0.290913492063492,-0.281136014721677,0.299206709175957,187.167201849489,0.288897423679891,2.24579558465284,-0.0521215384615385,-0.0511795898455516,-0.171868512820513,-0.168707794411602,0.183149052153462,196.87066342149,0.179597539264915,2.70261968145196,1831.68708333333,210.878386800217,29.5719,220.093247789435,29.6544833333333,4.03868333333333,0.818033333333333,38.9801232220496,219.864779967771,8.98639316755466,3.19311983474038
"2018-01-20 15:00:00",-0.0326375793650794,-0.0339552341817598,-0.276251865079365,-0.265585889779627,0.284720966251389,186.737935254122,0.273723277330748,2.20495949842811,-0.0463982820512821,-0.0456585103839622,-0.166057846153846,-0.162816901454647,0.175848839180159,195.61091368672,0.172367452877862,2.65940565723446,1458.80358333333,210.291910692335,29.58705,219.542276050718,29.66085,3.04951666666667,0.54955,30.7064818480911,217.837603246037,7.5456925537025,2.58746414573051
"2018-01-20 16:00:00",-0.0202460254803676,-0.0236571593429691,-0.259561835839599,-0.245740189316199,0.268954938804485,184.460084828765,0.254139583285546,2.14514604259814,-0.0486494166666667,-0.0474961867266448,-0.162087305555556,-0.15819486578938,0.173616910080896,196.706775783238,0.169228574072014,2.6041448653353,931.27825,208.503401644894,29.5576166666667,215.719939576234,29.5845666666667,2.26088333333333,0.405916666666667,13.5070615091791,212.368568254576,3.86516660968109,1.98013521083978
"2018-01-20 17:00:00",-0.0269730263157895,-0.030117972936997,-0.251305833333333,-0.237622975073111,0.262774535396358,186.126187809388,0.248211113490727,2.11870556528116,-0.0521114444444444,-0.0506116419412907,-0.1379265,-0.133891778186225,0.15202001457038,200.697587409198,0.147135679733764,2.57614918633492,455.041708333333,206.169541976582,29.5306333333333,210.362696268476,29.5069666666667,2.21808333333333,0.228966666666667,-6.80735488849326,204.670079773445,-1.49946220313706,1.49470600089561
"2018-01-20 18:00:00",-0.0285956140350877,-0.0299776232820712,-0.229462763157895,-0.219487026076402,0.238231579499812,187.103569157798,0.227796880303487,2.09454354389558,-0.0286326388888889,-0.027396925641364,-0.111645833333333,-0.106756316169443,0.120856327181524,194.384043997824,0.115138814863446,2.55694832605863,43.091224875,202.026438110715,29.4431666666667,200.934128737948,29.4025,3.60291666666667,0.01335,-21.9015443821344,195.529412273147,-6.49702583756828,1.05763749335561
"2018-01-20 19:00:00",-0.0239861842105263,-0.0263016626284471,-0.237550175438596,-0.226193926521709,0.24619867181174,185.76579185222,0.234183244301957,2.08375853876679,0.000779861111111116,-0.00414203334158007,-0.108150694444444,-0.0975296472668642,0.115740071049947,179.586854450756,0.103197014262585,2.54674081429567,0.543330166666667,201.557519740817,29.4311,194.562725936047,29.3302,2.73766666666667,0,-24.6518323031866,193.83271709534,-7.72480264547695,0.549454046264171
"2018-01-20 20:00:00",-0.0122288157894737,-0.0147014802695267,-0.207019385964912,-0.194647400668736,0.214889853468572,183.380583294077,0.201548983285755,2.05821421444335,-0.02106875,-0.0211853480267084,-0.112095833333333,-0.104734309229936,0.12255703327716,190.644727599508,0.113357684943787,2.52494854605894,NA,200.34299005667,29.3908666666667,193.503023023051,29.2966833333333,3.23723333333333,0,-25.0138473791486,191.928629579406,-8.41436047726438,0.444358626224834
"2018-01-20 21:00:00",-0.0105372807017544,-0.014108803232039,-0.215390219298246,-0.201741504505496,0.223449713873744,182.800780582091,0.209059494032571,2.0845790090001,-0.00650486111111111,-0.0105529530591529,-0.0987194444444444,-0.0893642491832407,0.107978492956632,183.769906626831,0.0963077116492482,2.54574111832084,NA,200.417672458695,29.35745,191.939701710211,29.2648,2.87058333333333,0,-21.3858720157813,192.967823482546,-7.44984897614981,0.325204311211488
"2018-01-20 22:00:00",-0.0184306578947368,-0.0210784893013749,-0.251786052631579,-0.239521602070391,0.259094204841918,184.186565749551,0.246172802704558,2.13667715580014,-0.0140768888888889,-0.0152381246900253,-0.121321777777778,-0.114781882879945,0.127136695135736,186.618398046376,0.120136277178887,2.59398861721915,NA,200.705830182095,29.3626166666667,193.137841604635,29.2278,2.05866666666667,0,-24.8928095155775,193.630411571044,-7.0754186110503,0.352684088620739
"2018-01-20 23:00:00",-0.00542305555555556,-0.00857044916972719,-0.234894722222222,-0.220227766919061,0.241686583066046,181.322562717102,0.226216488258754,2.17383249718931,0.0189259722222222,0.0115515903544176,-0.105892222222222,-0.0916042439871027,0.112463773993075,169.866599703745,0.0957318171612035,2.63282546778792,NA,200.323510323562,29.3611833333333,193.661634987903,29.2524333333333,2.74086666666667,0,-19.2394211303306,194.228557187642,-6.09495313591979,0.394371185650339
"2018-01-21 00:00:00",-0.0138459920634921,-0.0163019953188528,-0.241895158730159,-0.229559798738939,0.248236840398318,183.276015134031,0.235373667267103,2.20090727031709,0.0223953333333333,0.0130968070433428,-0.107118666666667,-0.0886503019042807,0.117831928391167,168.191247583808,0.0958903288084395,2.66371306425841,NA,199.202539742067,29.3223333333333,194.449145367068,29.2779333333333,2.25195,0,-20.3216676452591,192.979818346389,-6.22272139567774,0.342612568301613
"2018-01-21 01:00:00",-0.0198923629148629,-0.0219128873667673,-0.253806655844156,-0.242149210805277,0.260570157151829,184.481455552769,0.248532476352025,2.22020224326999,-0.0308512564102564,-0.0304118966589808,-0.142558564102564,-0.138799334496486,0.149306080281405,192.211135884646,0.145349467331889,2.6785985888793,NA,198.594175286997,29.2955,192.525055139611,29.2039166666667,2.04358333333333,0,-22.7208832144714,192.8266621022,-5.76751318479699,0.227776647406601
"2018-01-21 02:00:00",-0.0131674206349206,-0.0158829488437435,-0.258985515873016,-0.246453747453964,0.264646699216898,182.910543352633,0.251518862020757,2.21137512904411,-0.023096,-0.0230284447107265,-0.129432666666667,-0.123262402540443,0.137246750834135,190.117388866318,0.130529691664489,2.66423697983106,NA,198.921963091443,29.29785,192.940721411332,29.2075666666667,3.06826666666667,0,-22.7796151529346,192.922402810751,-5.99956028069228,0.313597592160865
"2018-01-21 03:00:00",-0.0233314682539683,-0.0250884934056795,-0.248245912698413,-0.238440378607285,0.254567945814228,185.369189349666,0.244220208306468,2.18254591962751,-0.023538,-0.0233822692358263,-0.111175333333333,-0.105489228105289,0.119608130933261,191.95411216982,0.113199345237475,2.64119476079818,NA,198.705285095944,29.2960666666667,193.010609485918,29.2062833333333,2.29746666666667,0,-21.404983411852,192.572283601325,-6.1330014946189,0.254796740070828
"2018-01-21 04:00:00",-0.0037747619047619,-0.00866425513793022,-0.256326984126984,-0.239220971457168,0.264473793989318,180.843696924288,0.246230347855569,2.16262356208022,-0.0205848611111111,-0.021338958039461,-0.129062027777778,-0.123456044188002,0.13543665778656,189.062111456437,0.129441061983569,2.61695419206436,0.53453375,198.36342714128,29.3079,192.554787352782,29.2037,1.49501666666667,0,-20.9551360729473,192.65147116346,-5.71195597781978,0.197016300015936
"2018-01-21 05:00:00",-0.00647298245614035,-0.0100459912416934,-0.22776451754386,-0.212761195728423,0.235534683960135,181.627886443704,0.21970480851947,2.13459293006249,-0.0428536388888889,-0.0415015390045412,-0.145263388888889,-0.141863867228463,0.15535840455834,196.436399976204,0.151445261123122,2.59208880194134,9.54459116666667,197.963462950809,29.30365,192.668109380776,29.2187,1.95731666666667,0.00145,-17.3001469427995,193.200917217482,-4.7625457333278,0.201090065329114
"2018-01-21 06:00:00",-0.0156019298245614,-0.0198198881801185,-0.221734035087719,-0.207774786952708,0.231946682262314,184.024884238996,0.216606875329114,2.11005549756275,-0.0177556666666667,-0.0162480166076431,-0.102049805555556,-0.0962837478105014,0.111036411373572,189.870098144644,0.102781968980214,2.57141460401917,212.1663,200.62587765902,29.2984833333333,193.992652252181,29.2155833333333,2.00953333333333,0.0438666666666667,5.03750496978092,202.602554149911,1.97667649089088,0.358294084620125
"2018-01-21 07:00:00",-0.00882815789473684,-0.0112752634869725,-0.215073596491228,-0.203343138861993,0.220867426060885,182.350508853176,0.208257006993764,2.08715646777405,-0.0162916666666667,-0.0167655916693612,-0.0982236111111111,-0.091600524817166,0.106394824736976,189.417516341968,0.0986949288611441,2.55326190591302,856.329291666667,205.932003562723,29.3311666666667,205.460154660836,29.2920333333333,2.2528,0.246733333333333,26.3307801048005,215.581122238683,9.64911867596064,1.10366508472417
"2018-01-21 08:00:00",-0.00963035087719298,-0.0123726674020884,-0.187535043859649,-0.175105192860392,0.195495109381499,182.93968629851,0.182156296634997,2.08214978110331,-0.0260118055555555,-0.0247120100926774,-0.103047222222222,-0.0978285863774803,0.112581525168825,194.166995587574,0.106149664653723,2.55327830722987,1302.00641666667,209.204951611559,29.3860833333333,216.81718178808,29.4252166666667,2.29913333333333,0.391033333333333,32.9650542685071,222.096086112607,12.8911345010482,1.73444377128292
"2018-01-21 09:00:00",-0.00292188596491227,-0.00734148072142873,-0.191545921052632,-0.177472740492545,0.199266627363681,180.873935324881,0.184030552277565,2.08045929733502,-0.0373076388888889,-0.035046431708604,-0.109027083333333,-0.105365824651639,0.120027450944621,198.890274249573,0.115170816286636,2.55662070314495,1725.33125,211.938088578453,29.4502166666667,223.129771441958,29.5535,2.53001666666667,0.601566666666667,44.9263802194339,228.734972328005,16.796883749552,2.32439685974941
"2018-01-21 10:00:00",-0.00209271929824561,-0.00751871907589568,-0.197746447368421,-0.181932302039821,0.207135759512956,180.606329494277,0.189717720221234,2.09219620940838,-0.0234423888888889,-0.0217416261842209,-0.0897216666666666,-0.0859718059425272,0.0981967909602082,194.642836849915,0.0926551477634659,2.56980921911747,1959.16666666667,214.259877830906,29.52405,229.797509073847,29.7022833333333,3.60613333333333,0.74635,44.8193910868892,232.509267840453,18.249390009547,3.3175481924669
"2018-01-21 11:00:00",-0.0138847368421053,-0.0172767093407955,-0.226945745614035,-0.214196951767512,0.235298413075183,183.501041388481,0.221088800264952,2.13201599175257,-0.0153999722222222,-0.0161706601790305,-0.0952736666666667,-0.0875129443265198,0.105340955996593,189.181835928068,0.0956131767342428,2.60489800431354,2086.56458333333,215.800407317124,29.5840666666667,232.613180414444,29.7953166666667,3.49013333333333,0.8739,44.3095559404568,231.870308294426,16.0699009773018,3.62735061336141
"2018-01-21 12:00:00",-0.0223955555555556,-0.0237804074779362,-0.220721587301587,-0.209893768591194,0.22888969937976,185.79369844946,0.217624930605603,2.18861712305417,-0.0342211282051282,-0.033812049243777,-0.136953923076923,-0.13199946739091,0.146570011920381,194.029410689633,0.140974977605868,2.66227155978999,2083.99416666667,216.265866095798,29.6121666666667,231.36069246266,29.8218,3.8889,0.86755,46.1606229164674,230.421386174927,14.155520079129,3.96179522873753
"2018-01-21 13:00:00",-0.0030936507936508,-0.00737964271604703,-0.249874682539683,-0.233722755285411,0.256939989289772,180.709331857489,0.239860843539211,2.21856189200726,-0.0354450256410256,-0.0349763033191677,-0.14430058974359,-0.138862885333788,0.154234229241655,193.800524715037,0.148358462863256,2.68681896336665,2041.98708333333,215.825032814551,29.6419,230.055658918181,29.82505,4.0851,0.9192,37.0698303543626,226.516153233428,10.6911204188769,4.08926178855563
"2018-01-21 14:00:00",-0.0145105158730159,-0.017769285941689,-0.239939880952381,-0.225520542901337,0.249089794299155,183.460783502381,0.233698113783262,2.21573975913676,-0.0614096666666667,-0.0595845071809929,-0.16214041025641,-0.157564590034783,0.178403340198829,200.743868974313,0.173010094347313,2.68018701627464,1724.14316666667,214.79844729879,29.6444,225.687931968459,29.7661333333333,3.55165,0.57355,37.6987710167024,224.913737648157,10.1152903493677,3.41487180457941
"2018-01-21 15:00:00",-0.00176480158730159,-0.00650345829648741,-0.230733412698413,-0.21404514193337,0.239055870167394,180.438227411145,0.221167438230059,2.17470199061409,-0.0543216111111111,-0.0517120991788857,-0.142226,-0.137710984563017,0.157498990320625,200.903790970616,0.151893502224717,2.64142335538858,1287.840875,215.268995327833,29.6514,223.643231173741,29.7251833333333,3.70165,0.474983333333333,17.2524159102582,220.977907273171,5.70891194533773,3.3481989243794
"2018-01-21 16:00:00",-0.0217262740183793,-0.0241153788686917,-0.229404580200501,-0.218770791241034,0.237157402146162,185.410187984728,0.225732839039353,2.12783103819031,-0.0893950277777778,-0.0828875704167046,-0.158084833333333,-0.150537216783624,0.187952072356539,209.487625031431,0.177313854473133,2.59497188902359,764.301041666667,212.568640487947,29.63225,219.507906208721,29.6403166666667,2.32425,0.249016666666667,12.4518945830168,216.240525959624,3.67188547167672,2.34959625245951
"2018-01-21 17:00:00",-0.0165852192982456,-0.019046359662521,-0.217644298245614,-0.206283291096637,0.224865007817953,184.357706944667,0.212983326547637,2.11292781447302,-0.02392775,-0.0238221404538253,-0.110033222222222,-0.104301980621891,0.119345601184366,192.268494962149,0.112221090819221,2.58116217841937,484.337,210.794365923912,29.7286166666667,214.458796092997,29.6074,1.53613333333333,0.21905,-14.9793484837552,206.324105570897,-4.47026035301463,1.59211819672044
"2018-01-21 18:00:00",-0.00829688596491228,-0.0116139312923384,-0.185362543859649,-0.173621044634436,0.192553501877834,182.56286651068,0.17968885714559,2.0977283174677,0.00400763888888889,-0.00295603109136493,-0.0815131944444445,-0.0697022567161215,0.0927154270418242,177.185289469364,0.0767797354157941,2.57356096077828,70.8526738333333,202.491760031877,29.6933833333333,203.773836934713,29.6195833333333,1.5759,0.0274166666666667,-20.5700658317659,194.215254308778,-8.27650572309889,0.779628665099443
"2018-01-21 19:00:00",0.000605263157894754,-0.00402551764968872,-0.188102236842105,-0.172268415158981,0.196819442417344,179.815637978602,0.179706102096454,2.0979746120604,0.036775,0.0188102895716097,-0.0970909722222223,-0.0750679879001861,0.112107814856817,159.254891704567,0.0820965893057033,2.56953071633062,0.582944416666667,199.257569223076,29.6065,193.973586785008,29.5812833333333,1.80541666666667,0,-20.3611291877222,191.06539717897,-8.19217204410686,0.366921983403893
"2018-01-21 20:00:00",-0.0198642105263158,-0.0217118504945503,-0.215012719298246,-0.204156678221235,0.22297260212556,185.278356703625,0.211425419324355,2.0788174132425,-0.0338951388888889,-0.0304842132535859,-0.106595138888889,-0.101294694235452,0.11924280351163,197.639631413959,0.111847417815837,2.54624951123045,NA,198.662250244807,29.5414166666667,191.053736208425,29.4708666666667,1.49808333333333,0,-25.0407370314898,190.418962177331,-8.24328806747631,0.200857992355762
"2018-01-21 21:00:00",-0.0177295614035088,-0.0189939867040426,-0.219615789473684,-0.210558011947379,0.22451806616247,184.615473238948,0.215203246235446,2.09451089564704,-0.00391727777777778,-0.00709727252457716,-0.0908658055555555,-0.0821606569548967,0.0980701297495504,182.468525877206,0.0880407032786093,2.56065100642461,NA,199.112577348584,29.4916166666667,190.228661767989,29.39245,2.69313333333333,0,-22.0793054780207,191.327468805132,-7.78510854345245,0.209398827529969
"2018-01-21 22:00:00",-0.00622592940685046,-0.00942669006675689,-0.233435549289891,-0.218356410559795,0.240823006267487,181.527766136968,0.225055811835682,2.13293544760978,-0.0269833888888889,-0.0277645376530496,-0.1234775,-0.118483188566491,0.131528935420964,192.326991188958,0.125971299953522,2.59259633340122,NA,199.811169448091,29.4796,191.809311051409,29.3638666666667,1.89286666666667,0,-23.9077423039095,192.703643189727,-7.1075262583638,0.275788822674117
"2018-01-21 23:00:00",-0.00913079365079365,-0.013087384528911,-0.236322182539683,-0.221991884313518,0.244393007368025,182.212639693241,0.22866561304457,2.16296902807078,-0.03118625,-0.0309991974131007,-0.143250583333333,-0.137723034425428,0.152108578558333,192.281889793712,0.146109191259932,2.62126221005713,NA,199.026383029148,29.47535,192.697926398585,29.3652166666667,1.32678333333333,0,-24.5496216525726,192.352149665893,-6.67423336325456,0.259036714041871
"2018-01-22 00:00:00",-0.0129684920634921,-0.0157011098718152,-0.251002777777778,-0.237819548116037,0.257606710582015,182.957655491562,0.243826770520705,2.17882091556107,-0.0119695277777778,-0.0134204648453825,-0.119681388888889,-0.112879633615999,0.12551859655496,185.711251442609,0.117951432728325,2.63447958163316,NA,199.218643613142,29.4646,192.411995380277,29.3649666666667,1.75113333333333,0,-21.583975004164,193.135357108319,-6.08328650482359,0.269049175036729
"2018-01-22 01:00:00",0.00252039682539681,-0.00313421977582011,-0.248275238095238,-0.228687563333114,0.257568973546239,179.418374757807,0.23668989855657,2.21683915141143,0.0320373333333333,0.0208025201476863,-0.107784,-0.0876953209299676,0.117378193373857,163.446131933558,0.0937075422994611,2.67286727350905,NA,198.766763157072,29.4330666666667,193.19911328837,29.3723666666667,0.862316666666667,0,-16.8477249837875,193.585450734759,-5.18131242231308,0.230569667158497
"2018-01-22 02:00:00",-0.00097555555555555,-0.0103024168661879,-0.22883003968254,-0.211781234712269,0.240328875883678,180.244263702202,0.219116480355639,2.22925869476656,0.0252681282051282,0.0165237231238579,-0.125797846153846,-0.107206960117442,0.134086003116925,168.642532928957,0.112913393087781,2.68717914912856,NA,198.879189194116,29.4161166666667,194.038699839266,29.3615333333333,0.939466666666667,0,-18.418450059242,193.346467137991,-5.5327220561248,0.262968301738867
"2018-01-22 03:00:00",0.00560067460317462,-0.00114687204725354,-0.242611547619048,-0.222911011150652,0.251806744965946,178.677564855264,0.230373098358045,2.22295857422544,0.0334916153846154,0.0229622182624621,-0.12394041025641,-0.102694665708297,0.13316751679307,164.878488329096,0.108732803368498,2.67972857365098,NA,198.456338677417,29.4067166666667,193.065175878611,29.3527166666667,0.933516666666667,0,-19.401797212701,192.697051592814,-5.75928708460345,0.21593183102809
"2018-01-22 04:00:00",0.00542833333333334,-0.000415609076221809,-0.226978134920635,-0.207740291949511,0.2362784575546,178.629994392126,0.215473179134873,2.19262033553885,0.0282126666666667,0.0182286377032885,-0.127892,-0.108143298144886,0.136950087514975,167.559926983683,0.114055142654423,2.6525274085159,0.52302625,198.059795534096,29.4048833333333,192.320034402457,29.3482666666667,0.665316666666667,0,-18.579304664357,192.338732826637,-5.72106270745915,0.1679269186869
"2018-01-22 05:00:00",0.0102393253968254,0.00450033950684933,-0.238327857142857,-0.218509824743199,0.246200089375486,177.539903325813,0.224920374554945,2.17194522485855,0.0556111388888889,0.0320527930777616,-0.104641222222222,-0.0734339344416662,0.123900723308485,152.011776707458,0.0838097753315176,2.63094196612149,9.13964404166667,198.355652697044,29.41565,192.736710208825,29.3496333333333,0.519616666666667,0.00135,-10.890002691646,194.754298148695,-3.60135454834885,0.184133263299216
"2018-01-22 06:00:00",0.0153084502923977,0.00724592298869035,-0.242921773182957,-0.221549455664163,0.251748858608017,176.394101423597,0.22783148964974,2.15394210873478,0.0344035277777778,0.0222259336299598,-0.113376027777778,-0.0916878771259486,0.123792710081266,163.119777349638,0.0983634167707133,2.61158166203089,135.1378,200.868686845011,29.42015,195.366269717033,29.37245,0.67935,0.0373666666666667,-0.143211575856355,200.944191866632,0.0755050216210644,0.36769702583712
"2018-01-22 07:00:00",0.00577922723475356,-0.00222373629223658,-0.22208331871345,-0.200870181448163,0.234063866707802,178.509340450544,0.210689651663938,2.13168756999552,0.0304093055555555,0.0202592333263182,-0.105952138888889,-0.0868894084907837,0.114603680893159,163.986000485551,0.0924317140551457,2.59253106098108,558.799208333333,205.737014162343,29.4418166666667,202.887302429752,29.4179,0.766716666666667,0.1374,29.4531479346476,216.376937348326,10.6399231859823,0.75964392841012
"2018-01-22 08:00:00",0.00449381578947369,-0.00340705856509,-0.23526451754386,-0.215521394569573,0.245987802466203,178.905719488565,0.223670712740591,2.12819250392146,0.00517786111111111,0.00201437404289208,-0.10796525,-0.0984806270301401,0.112128929974528,177.254278994354,0.101733822117336,2.59210530151744,1387.20958333333,212.255020365856,29.5143333333333,218.95340529238,29.5725333333333,1.28583333333333,0.453533333333333,44.8306178627778,227.428193831581,15.1731734657245,1.7114509153655
"2018-01-22 09:00:00",0.00359694653299916,-0.00102311349578697,-0.225999784878864,-0.210169977394269,0.232034213153981,179.08817408254,0.215073024009746,2.13799061707231,0.0164237222222222,0.00721186579442917,-0.0951369722222222,-0.0810010491192512,0.104311550868369,170.205430674352,0.0861781075110188,2.6078471741225,1797.49708333333,216.641266120799,29.59065,228.43971639407,29.7212833333333,3.36498333333333,0.658466666666667,39.8333369820634,231.781190069249,15.1399239484499,3.28231849902529
"2018-01-22 10:00:00",-0.0162255116959064,-0.0184813485247546,-0.226412579365079,-0.2128006442396,0.23558313023099,184.099007066029,0.221263307170328,2.14110849951483,0.00124316666666667,-0.00307250360284919,-0.111197694444444,-0.0998642467103562,0.118787920404726,179.359471987889,0.10597541742416,2.614399216843,1993.56833333333,219.033741952622,29.6424333333333,232.505922783416,29.8253833333333,4.98441666666667,0.768066666666667,45.298854034248,235.223957892017,16.1902159393948,5.18335769195751
"2018-01-22 11:00:00",-0.0229090350877193,-0.0245790866977514,-0.212292412280702,-0.202700071542915,0.219835452022291,186.159104838627,0.209714197318833,2.13075289897434,-0.0257959444444445,-0.0253405791290989,-0.122625916666667,-0.117885234504107,0.130218067229822,191.879692503337,0.124809751608754,2.60819105882343,2139.15416666667,222.33352501198,29.68565,235.903953963007,29.8741,5.66253333333333,0.909216666666667,40.0311556776277,236.730864417198,14.3973394052183,6.43435842798475
"2018-01-22 12:00:00",-0.0365506349206349,-0.0379508548010365,-0.254723015873016,-0.245828896709639,0.263482889027169,188.165728653538,0.254279203128326,2.16780938316955,-0.047486,-0.0460618121165468,-0.141687333333333,-0.136266572713627,0.156084386801373,198.528390963305,0.149379833481191,2.63539669510931,2139.302,221.98042989666,29.70365,235.296663690562,29.9057666666667,4.35841666666667,0.827783333333333,33.932728314938,232.004406926189,10.0239770295286,5.39697964791529
"2018-01-22 13:00:00",-0.0198285714285714,-0.0221712020715016,-0.267000476190476,-0.255024258232705,0.273541531555869,184.247227454527,0.261131138688334,2.22151494199793,-0.062510641025641,-0.0606334242247069,-0.165071307692308,-0.161028981362012,0.18084106906879,200.741111226434,0.176134819253921,2.6847391285671,2061.08375,222.786528975769,29.7287666666667,231.468349620719,29.87065,3.32855,0.703766666666667,37.5583270536468,232.379729088838,9.59320011306814,4.2640900705932
"2018-01-22 14:00:00",-0.00780210317460317,-0.0122111236479925,-0.255836111111111,-0.240157253009535,0.263584433222264,181.746778706568,0.246938404272784,2.23467292935552,-0.0344675897435897,-0.0340088428893712,-0.152660153846154,-0.147318161225943,0.161812510710713,192.722906547562,0.156066979186,2.69700353030319,1898.97541666667,223.893761328833,29.7889833333333,232.62603996608,29.8996166666667,3.99228333333333,0.5152,23.5137166118011,230.942046978713,7.04828564987967,4.88229075501934
"2018-01-22 15:00:00",-0.0328467857142857,-0.0341624907879845,-0.280118968253968,-0.268086910791067,0.289914206651665,186.687968884748,0.277482572509033,2.2044347904021,-0.0196026666666667,-0.0209127099746074,-0.146406666666667,-0.139488412220266,0.15310844052807,187.626085500876,0.145740656802997,2.66438455855969,1381.71333333333,221.631225909953,29.7729833333333,229.054032404596,29.8888166666667,2.86488333333333,0.505083333333333,5.75753122654976,223.928111519831,2.29688560987837,3.67047972866336
"2018-01-22 16:00:00",-0.0205740873015873,-0.0226968957526005,-0.239200873015873,-0.226754790663049,0.248242177833571,184.916011530884,0.234764213670534,2.15645339469026,-0.0233486388888889,-0.0239779325883031,-0.135447555555556,-0.128970180609205,0.143389824315375,189.780604440791,0.136355622984106,2.62108151360406,877.6345,218.630826275601,29.7480333333333,222.054081589964,29.7755,4.36035,0.148566666666667,-9.09371711658441,217.06229195413,-1.56853432147011,3.99247947238811
"2018-01-22 17:00:00",-0.0203525,-0.0226826724879982,-0.254767894736842,-0.242830712961432,0.262019638732051,184.567456017522,0.24958624474008,2.11716281750334,-0.0560314722222222,-0.0544659231430659,-0.145612555555556,-0.142041890037065,0.159777423270371,201.046643042641,0.155631996414188,2.57800058656736,446.599041666667,214.236565306165,29.7442166666667,214.12955799541,29.7199666666667,1.6328,0.230266666666667,-32.7803452933011,206.202275920325,-8.03428938584035,1.97505992443799
"2018-01-22 18:00:00",-0.0195592105263158,-0.0224516067465676,-0.245818903508772,-0.233768296226215,0.253580136379419,184.549301010808,0.240796346464547,2.12407251932028,-0.0152442777777778,-0.0162792660546108,-0.119797166666667,-0.113567559571787,0.125910057515785,187.251954734685,0.119019595795719,2.58502839723247,48.575234625,201.997006583745,29.6557166666667,201.078937915906,29.6405833333333,2.7334,0.0162666666666667,-27.4289141925451,194.231517894617,-7.76548868912795,1.02185040727391
"2018-01-22 19:00:00",-0.00897232456140351,-0.0140547994315497,-0.243700964912281,-0.227310540645896,0.253674947495585,182.108503094884,0.235675645851962,2.12106897791262,-0.00607833333333333,-0.00784524808620608,-0.107028444444444,-0.0986630962625783,0.113220927092332,183.250436377919,0.104128943224192,2.582685820274,0.452174916666667,199.247168703252,29.6206666666667,192.749038832837,29.5350666666667,1.79861666666667,0,-24.4815280651979,191.683939842,-7.56322886125215,0.326493438458018
"2018-01-22 20:00:00",-0.0162761842105263,-0.0200999579086354,-0.230012894736842,-0.215653750766647,0.24017080601097,184.047620014157,0.224721121096739,2.11179521458539,-0.00473611111111111,-0.00664185959572957,-0.0955763888888889,-0.0866754520424647,0.103189094464678,182.836865850944,0.0927848602235212,2.57284003153493,NA,198.862775407838,29.6034666666667,191.615063032767,29.4961833333333,2.1405,0,-23.1681859445816,191.137048311358,-7.72572709648019,0.26592632381356
"2018-01-22 21:00:00",-0.024468947368421,-0.0272478528770901,-0.238005,-0.226217535938343,0.247303010184317,185.869872851867,0.234759341479316,2.1135843021716,0.000209138888888884,-0.00544876260543027,-0.0958608333333334,-0.0837361893748335,0.106332878356279,179.874998388767,0.0916110246446773,2.57457654125187,NA,198.614310008959,29.5705166666667,191.083110697794,29.4846166666667,2.58228333333333,0,-23.8913409088381,190.843359066558,-7.77095094240108,0.248862643638662
"2018-01-22 22:00:00",-0.0317609649122807,-0.0331927339160102,-0.230926096491228,-0.222585450288483,0.238920398751812,187.831177144576,0.230121731951512,2.12722423660819,-0.00748533333333334,-0.00965736167743752,-0.103526027777778,-0.0958012774201558,0.110313557671884,184.135510467199,0.101190932487729,2.58756772133824,NA,198.420104121091,29.54885,190.857978480845,29.4583,2.62961666666667,0,-24.9262137408065,190.503848691014,-7.91625543007726,0.226409663645349
"2018-01-22 23:00:00",-0.00891511904761905,-0.0116479354025055,-0.23682503968254,-0.222623609954963,0.243925013604944,182.155843032713,0.229083440571846,2.14380032228418,0.0284314444444444,0.0168214553339427,-0.0914786111111111,-0.0737367388693722,0.101545504885487,162.734816959368,0.0791688812063975,2.60353907298952,NA,198.398478160093,29.54335,190.379295174048,29.4536833333333,1.07951666666667,0,-22.0146849528228,190.843901044079,-7.55457711601428,0.144959237785678
"2018-01-23 00:00:00",-0.00959706349206348,-0.011765402310059,-0.226058452380952,-0.212751585853741,0.233101181228168,182.430969643149,0.218986683174666,2.16718646960817,0.00485866666666667,-7.00051579464595e-05,-0.106929333333333,-0.0953225316466032,0.114142577434895,177.398377595577,0.100836493503693,2.6260939632854,NA,197.607114637373,29.53125,190.896368089306,29.46135,0.922833333333333,0,-19.4775808583391,191.245950113938,-6.361164523435,0.13271269598124
"2018-01-23 01:00:00",-0.0171654365079365,-0.0196937106630245,-0.247732182539683,-0.236007730757194,0.25414472548703,183.963706216661,0.241926152522008,2.1821687521624,0.0163493333333333,0.00944350972457232,-0.118878,-0.103648653559592,0.126304743787862,172.169216635205,0.108903514519606,2.64533842135553,NA,197.691639321208,29.5142166666667,191.328969328011,29.44765,1.11646666666667,0,-22.5577771217669,191.063268808881,-6.62837051232701,0.157749812626088
"2018-01-23 02:00:00",-0.0271488492063492,-0.0279022626987571,-0.245388492063492,-0.237080253251421,0.251088288934181,186.313311507698,0.242603737522506,2.19152194394617,-0.009586,-0.0112346067352607,-0.121798666666667,-0.11538804836057,0.126559251522969,184.50011080093,0.119279319468653,2.65275733491837,NA,196.693248275934,29.48435,190.686851774423,29.3988166666667,1.34636666666667,0,-23.3436945175541,190.085722685398,-6.60752559053577,0.0954728469912886
"2018-01-23 03:00:00",-0.0221794047619048,-0.0241015056476451,-0.233787698412698,-0.223515836932203,0.240737681712629,185.419422252595,0.230056918442904,2.17974028867303,-0.00914733333333333,-0.0106754463052814,-0.102228666666667,-0.0949400832812941,0.108819251411607,185.113159956221,0.100436181652487,2.64429030043458,NA,196.865082583286,29.46305,190.005161607644,29.3765166666667,2.9181,0,-21.7970534931695,190.041219953915,-6.82386262937122,0.092651533367909
"2018-01-23 04:00:00",-0.0276204365079365,-0.028730590738694,-0.225753888888889,-0.216587288561134,0.233443709847849,186.975332000847,0.223964951884151,2.16162361721747,-0.0265531944444444,-0.0261702557211583,-0.126452,-0.121335148002834,0.134259447914706,191.859030264695,0.128690051772082,2.62561903999255,0.3575655,196.208891180699,29.4475666666667,190.024822704251,29.3490333333333,2.55398333333333,0,-21.4683620068112,189.927602108173,-6.28128907252596,0.0528194977777682
"2018-01-23 05:00:00",-0.0317523015873016,-0.0323079853617847,-0.233455833333333,-0.22400614196026,0.242395407638855,187.74526673769,0.232538398416798,2.16334655782882,-0.0361553333333333,-0.0353000868570203,-0.123752,-0.118313332710833,0.135049479908245,196.286229348466,0.128915422607733,2.62363724112969,8.37172116666667,196.904016917724,29.4313833333333,190.136783331575,29.3314,2.33453333333333,0.00075,-16.7938098863235,192.290832318122,-4.61318459960216,0.082147784420248
"2018-01-23 06:00:00",-0.00413071428571428,-0.00863105914871114,-0.253404642857143,-0.23717969148754,0.26074185154036,180.933887902107,0.243539769400398,2.1658896759438,-0.020898,-0.0206046739909453,-0.130036,-0.124291674560356,0.137003177938431,189.129900339028,0.130464029202557,2.62530783695243,170.047033333333,200.516734639665,29.4298666666667,194.569934463402,29.3362333333333,2.54573333333333,0.0202166666666667,7.21618740515981,202.648928441206,2.13219380154066,0.480855546075301
"2018-01-23 07:00:00",-0.0179966666666667,-0.0197251717100767,-0.233208333333333,-0.223207719177697,0.238614443270297,184.412764509919,0.228279954609805,2.15138314299874,-0.0536122777777778,-0.0512412812847735,-0.133353,-0.128978811283875,0.148701798256622,201.901744126809,0.143200821121646,2.61387509023175,578.233625,206.429527626727,29.4467,207.278193293709,29.3958333333333,2.05895,0.132983333333333,32.3105921725664,215.723414303157,9.29388667643078,1.27961600351362
"2018-01-23 08:00:00",-0.0144537280701754,-0.0164096664969758,-0.234214605263158,-0.222437265076332,0.240336608316856,183.531328625901,0.228206402259371,2.13423239727765,-0.0747504166666667,-0.0713120971380716,-0.150481388888889,-0.145820466619169,0.171657944729741,206.415518027398,0.165760974519941,2.59988632190906,1352.42875,215.031158588037,29.4859333333333,221.008477015348,29.49285,2.3151,0.404116666666667,57.0136010281388,230.672951478308,15.6417928902708,2.42492517039627
"2018-01-23 09:00:00",-0.00442333333333333,-0.00951659921959891,-0.245001622807018,-0.228540751448744,0.253565149075855,181.034322924199,0.235589474881045,2.12333403893413,-0.0229035277777778,-0.0237249759375604,-0.112339694444444,-0.105129120913068,0.122789504389419,191.523387839906,0.1141273275842,2.59205617751282,1739.74333333333,221.089506375398,29.50945,233.461428887095,29.6333666666667,3.49301666666667,0.585233333333333,54.4102595853592,238.895005022528,17.8054986471297,4.02899262677054
"2018-01-23 10:00:00",-0.0296567543859649,-0.0304541108152993,-0.214776710526316,-0.206064911566719,0.223106342067938,187.861789955495,0.214062785718064,2.12696132179695,-0.0168615,-0.016885306388045,-0.10955475,-0.103839605414734,0.116360983332388,188.749699174805,0.109697554025016,2.59729806097021,1962.39625,225.437098282184,29.551,240.665425784636,29.7190333333333,3.88345,0.785433333333333,49.7533709607021,243.241524422464,17.80442614028,4.96983254126534
"2018-01-23 11:00:00",-0.0229841666666667,-0.025060009980789,-0.236475833333333,-0.226278095623425,0.243625440072764,185.55140142207,0.232862884262233,2.15121881566482,-0.0227703055555556,-0.0230366992788764,-0.129814805555556,-0.125041571862325,0.136190939060067,189.948818965244,0.130799909063094,2.61923118968158,2120.22291666667,228.829493379795,29.6216666666667,244.465653809829,29.8008333333333,5.00793333333333,0.7629,54.9927679690117,246.470151614652,17.6406582348576,7.053548916129
"2018-01-23 12:00:00",-0.0191514682539683,-0.0214468016249739,-0.226860753968254,-0.215949605701363,0.233912584812882,184.82543887061,0.222547365571192,2.16227949565732,-0.0118654166666667,-0.0132178107212934,-0.117497694444444,-0.110419431981511,0.123344794579187,185.766422734341,0.115832716200379,2.63536421203289,2146.71041666667,232.515727415255,29.6594833333333,246.616107186232,29.88175,4.10048333333333,0.91395,32.2318257458173,244.19833201773,11.6826046024748,6.17697220486815
"2018-01-23 13:00:00",-0.035200119047619,-0.0354903066152168,-0.264003214285714,-0.256337745214291,0.270572680970229,187.59457734469,0.262759048394355,2.20661696332689,-0.0549448205128205,-0.0534534015855574,-0.159378615384615,-0.155593629866085,0.172850019523178,199.02132542744,0.168478838706768,2.67090188283814,2039.42458333333,231.789532418693,29.6486833333333,242.851671377843,29.8387833333333,4.14625,0.8865,31.790946536243,240.732324928411,8.94279250971816,6.37786776250529
"2018-01-23 14:00:00",-0.0403785714285714,-0.0401266575598243,-0.261876507936508,-0.25505960058277,0.269269987646499,188.765370905428,0.262239301926618,2.23575614376981,-0.0396211282051282,-0.0390697663133945,-0.146368435897436,-0.142894497162705,0.155297768193092,195.146655939167,0.151556928187227,2.69602134206206,1808.03375,230.683994051712,29.6544666666667,239.627528846618,29.7782,3.8217,0.744533333333333,24.2595246980659,237.879926256761,7.19593220504894,5.63588177262177
"2018-01-23 15:00:00",-0.0246709126984127,-0.0256677139379636,-0.260028293650794,-0.250487929268708,0.265606872264867,185.419873533062,0.255879370911904,2.20537025394019,-0.0219271282051282,-0.0224961015152877,-0.148095794871795,-0.143006291383028,0.153345870225761,188.422051424937,0.148035584914762,2.67111491797211,1515.52541666667,227.610206627498,29.6325333333333,236.640227829548,29.74055,5.74858333333333,0.60125,-0.969905398908903,229.122008713718,1.51180208622002,7.25777013374465
"2018-01-23 16:00:00",-0.0258965079365079,-0.0266738543335045,-0.245313055555556,-0.235799729276463,0.251964301837546,186.026118286892,0.242165448083853,2.16055663620357,-0.0377525277777778,-0.0374098004752173,-0.146996222222222,-0.143944789258756,0.154889677831614,194.40377099214,0.151610957350701,2.62732232684143,563.72325,210.617295742442,29.5439666666667,222.369305355022,29.6088166666667,4.20693333333333,0.137166666666667,7.23598231550387,213.312171355008,2.69487561256559,3.48115490432119
"2018-01-23 17:00:00",-0.0251735964912281,-0.0269469218873128,-0.235293377192982,-0.225966244819468,0.242109950211164,186.106738336402,0.232372223152091,2.12994857072917,-0.0363517777777778,-0.0359141258316147,-0.15018625,-0.145404725512325,0.15941637430268,193.606451046014,0.154252056429781,2.59292422756022,419.818166666667,210.599577707982,29.5202666666667,211.299104154683,29.45935,1.94596666666667,0.168683333333333,-22.2475901119334,205.064029135028,-5.5355485729538,1.63195596679468
"2018-01-23 18:00:00",-0.00756368421052633,-0.010969243598411,-0.220750570175439,-0.206524678319921,0.228379591071739,181.962385456735,0.213316227612093,2.11059692419771,-0.0265993055555555,-0.025592582737386,-0.123672916666667,-0.119196758403785,0.131316161044096,192.138143717026,0.126045882743995,2.57285647282697,53.0865244583333,203.068507667146,29.5384333333333,200.570364369086,29.4451,2.30603333333333,0.0133166666666667,-33.307174958404,192.940538222664,-10.1279694444817,0.856370961613814
"2018-01-23 19:00:00",0.00683486842105264,0.00297419945064892,-0.201208245614035,-0.185623020343524,0.206974593032713,178.054460467174,0.190418080344665,2.09515116011231,0.0418805555555556,0.0225439344808647,-0.0927027777777778,-0.0686713626467016,0.108920763299861,155.687861210078,0.0764074181211978,2.56038895880786,0.344980583333333,201.307321551347,29.48805,191.901422866991,29.43985,0.968516666666667,5e-05,-28.4400961352372,189.924245601844,-11.3830759495033,0.268587265493267
"2018-01-23 20:00:00",-0.000464122807017547,-0.00599647635115119,-0.205027763157895,-0.189251409956034,0.213379032408919,180.129700621839,0.196204721622413,2.0919991428818,0.0144069444444444,0.00876284139174058,-0.100993055555556,-0.0876480065013066,0.107440472922732,171.881370506226,0.0923679566100866,2.55906189876503,NA,200.653354115882,29.4225333333333,189.648066717505,29.4051333333333,0.5957,0,-31.2745590346153,189.0800315401,-11.573322575782,0.163235208309108
"2018-01-23 21:00:00",-0.000274429824561404,-0.00441221542517841,-0.211863201754386,-0.196642696861279,0.218757493533313,180.074216085844,0.202686023209241,2.10749497447356,0.00970555555555555,0.00457875714476782,-0.0945708333333333,-0.0829320860123199,0.100945715946481,174.140399405473,0.087600908014092,2.57406860274316,NA,200.46978157489,29.3940333333333,189.106540511373,29.3286166666667,0.582733333333333,0,-28.3428422934693,190.05066135943,-10.41912021546,0.13097848987735
"2018-01-23 22:00:00",0.00922048245614035,0.00341053510358132,-0.230692850877193,-0.212202403301431,0.237890134230403,177.711183133724,0.217916862586098,2.12124970022249,0.0447998333333333,0.0283205390321528,-0.101035638888889,-0.0757280444806579,0.114424190758126,156.087202684584,0.0835226586326246,2.58386537899677,NA,200.237726055795,29.38395,190.193358542449,29.3265,0.987666666666667,0,-29.3952108238907,189.83880792458,-10.3989181312156,0.168156358339929
"2018-01-23 23:00:00",0.00472065789473684,0.000473408198277326,-0.223546447368421,-0.205992461185488,0.230955755984121,178.790257738478,0.212398344275484,2.12684656914823,0.0444470277777778,0.0276822227245549,-0.104460194444444,-0.0797266944199954,0.117897748500541,156.950611868907,0.0869007277617837,2.58766588970336,NA,200.133237363794,29.3664166666667,190.035274043806,29.3195333333333,0.914116666666667,0,-27.0938544795336,190.558288209578,-9.57494915421572,0.154481052330656
"2018-01-24 00:00:00",-0.00983219298245613,-0.0128319949324067,-0.249157280701754,-0.23472309605738,0.256327331787809,182.259821621359,0.241144947790609,2.12911146607052,0.0235776388888889,0.0133071251887657,-0.115330055555556,-0.0983012764325918,0.124231617927657,168.445877475854,0.103397246379039,2.58386541537466,NA,199.801802195971,29.3449833333333,190.429553704144,29.2942666666667,0.588883333333333,0,-30.4164000839195,190.462086733599,-9.33971546237193,0.15508399866956
"2018-01-24 01:00:00",-0.00982105263157895,-0.0133547844741704,-0.251432335004177,-0.237309845163143,0.258200163889225,182.236860054344,0.243317335919368,2.1408462867347,0.00661372222222222,0.00239805924877947,-0.125948666666667,-0.113904269725626,0.131787490979111,176.994087679066,0.118511643869386,2.59258036470633,NA,199.773157697356,29.318,190.24026096561,29.2725333333333,0.911516666666667,0,-34.1965018258714,189.884263210512,-9.8888944868438,0.153137188482843
"2018-01-24 02:00:00",0.00689230158730158,0.00092268633606135,-0.25762373015873,-0.237491626843283,0.265794221546079,178.46751065222,0.244351684757011,2.17046814821338,0.047169,0.030209255761613,-0.118671138888889,-0.0920191946987889,0.132386888246062,158.323337260397,0.0996948938884641,2.62353881260085,NA,199.862669281413,29.3051,190.563637158939,29.2524166666667,0.733116666666667,0,-23.8680666745536,192.646118087029,-7.21655119438492,0.154177121404801
"2018-01-24 03:00:00",0.0186771428571429,0.0117434466792409,-0.2402775,-0.218395287992152,0.247856647031767,175.555247786516,0.22431784825059,2.17486550766273,0.0576968888888889,0.0370406780978417,-0.127204666666667,-0.0950791043803637,0.144037926473492,155.602131913221,0.104777490315277,2.62655253840679,NA,199.253245254912,29.2972833333333,192.743523069957,29.257,0.63445,0,-24.1828389588425,191.727692778003,-7.52555247690881,0.200799884117819
"2018-01-24 04:00:00",0.0143078968253968,0.00868874484858936,-0.254714007936508,-0.234330230869282,0.261036233311761,176.784937301978,0.239400993360592,2.16518376217039,0.0466700833333333,0.0296341533464227,-0.119375472222222,-0.0919402373674518,0.133611416116796,158.646885596407,0.100514320320196,2.61323620295808,0.256031,199.878038080505,29.2875666666667,191.556133261725,29.2410333333333,0.588716666666667,0,-27.3760588799328,191.492056368373,-8.3859817121318,0.181647046434802
"2018-01-24 05:00:00",0.0164945634920635,0.00963257320516359,-0.254208174603175,-0.231717288416371,0.262222440660703,176.287507628341,0.238277943084842,2.16175401817179,0.0529539444444444,0.0333492914789761,-0.123869194444444,-0.094242184112852,0.139675693145932,156.853345400177,0.102974465096759,2.61446459538606,9.77338520833333,199.652062368481,29.2833,192.247529632175,29.2275166666667,0.83775,0.00115,-10.5305189073535,196.723620800289,-2.92844156819244,0.203117115929862
"2018-01-24 06:00:00",0.0141740329991646,0.00435815954025065,-0.250267558479532,-0.227092757842122,0.261299632763858,176.758486632731,0.235187970587203,2.16026079662008,0.0448826388888889,0.0280275692335296,-0.116355305555556,-0.089883083522642,0.130437251089746,158.906487998063,0.0981487187421966,2.60724099819454,245.757766666667,201.222775381795,29.3100166666667,199.332707510355,29.2672833333333,0.612116666666667,0.0426666666666667,32.9892801502,211.790822080774,10.5680466989797,0.485311567499246
"2018-01-24 07:00:00",0.0102332497911445,0.00116772837061872,-0.229176578947368,-0.208011050303938,0.240170438022777,177.44331282753,0.216170740018114,2.13454385800556,0.01757725,0.0101016719738822,-0.122316194444444,-0.106938219379324,0.129669597542689,171.822387428135,0.111832468138226,2.58930407978015,770.098458333333,204.807792153676,29.3310166666667,214.607778537808,29.3577333333333,0.555433333333333,0.226016666666667,64.3037409970865,225.723116707142,20.915324553466,1.11248891037904
"2018-01-24 08:00:00",0.00709271094402674,-0.000359703089803853,-0.250053857560568,-0.230487499157486,0.259148290297099,178.375256123194,0.237053985556144,2.13958230988253,0.0268007222222222,0.0141979508708069,-0.127163361111111,-0.109309426459454,0.13761068645515,168.098619925491,0.113771154417653,2.592416258861,1281.82316666667,209.080221810738,29.3914833333333,228.317059998125,29.4768333333333,0.693183333333333,0.430083333333333,87.0518355803697,235.956626163567,26.8764043528289,1.79061480231038
"2018-01-24 09:00:00",0.0192605555555556,0.00950011161680161,-0.252628373015873,-0.227901670428719,0.263303453334228,175.64016588507,0.235958473507152,2.15830789190297,0.0466023888888889,0.0313278225286963,-0.13693125,-0.109672039797227,0.149479659410722,161.204803878768,0.11732278606375,2.61669227932736,1691.8425,212.231160931933,29.4678833333333,239.356400564397,29.6146,0.9575,0.648633333333333,110.023538713077,245.356043397836,33.1248824659031,2.38816829734664
"2018-01-24 10:00:00",0.0114530555555556,0.00678095188432237,-0.231230992063492,-0.213319187139159,0.236673567290975,177.1644116342,0.217778748367947,2.15310559338652,0.0487725,0.0307059837738315,-0.11796125,-0.0907497791936881,0.132603587693018,157.536762566948,0.0985472057445005,2.61624996286161,1924.02333333333,215.247541643228,29.5376833333333,246.382111619872,29.7173333333333,0.586433333333333,0.713383333333333,108.128762698734,251.999890085462,36.7523484422344,2.49705774688085
"2018-01-24 11:00:00",-0.000118283208020044,-0.00533907065906833,-0.251070173350042,-0.233839765080434,0.258610962692166,180.026992943264,0.240134183806232,2.14951161503971,0.0435088055555556,0.0289534614797648,-0.120317861111111,-0.0947241935489255,0.132464535429183,160.119223298973,0.102339799458804,2.60868226980938,1676.72816666667,216.504908119257,29.5528,251.962503754475,29.7983666666667,0.6645,0.829233333333333,85.8198184176417,243.975637834273,27.4707297150157,2.85649688278713
"2018-01-24 12:00:00",-0.00415206975772765,-0.00900640717168954,-0.26795570802005,-0.249765337022974,0.276781992888615,180.887747576639,0.257461265972406,2.1471312694097,0.00829872222222222,0.00261433867926104,-0.142909833333333,-0.12891366959302,0.149988678158111,176.676587086054,0.134239041922757,2.59579076054172,815.472333333333,211.684346547701,29.4962833333333,236.572574097566,29.64405,1.62166666666667,0.441833333333333,56.1779710277928,227.188475083776,15.5041285360749,2.64288647101238
"2018-01-24 13:00:00",0.014531626984127,0.00707055196527695,-0.259529404761905,-0.2360168761068,0.269211269319969,176.795228536661,0.243940567885035,2.17786795833794,0.0169151388888889,0.0111969690066633,-0.141435,-0.125927301069087,0.14722424741058,173.180015156858,0.130309455393082,2.6213762046655,450.279708333333,208.60070863804,29.4461,223.078587915591,29.4566333333333,1.00683333333333,0.235883333333333,25.2356157451381,216.295556181765,7.69484754372492,1.76182387963814
"2018-01-24 14:00:00",0.0340313564213564,0.0217180843765628,-0.278953542568543,-0.248349534370747,0.290838891074829,173.044486049981,0.256814794208384,2.20873228378274,0.0563931025641026,0.0380042630836998,-0.152683102564103,-0.119820688340804,0.167935511629494,159.728423462497,0.129523829993234,2.64915372295634,387.522583333333,209.56750473988,29.5688833333333,218.085173811638,29.44625,1.41478333333333,0.479733333333333,68.3381166205311,227.968912330117,18.4014075902371,1.71090749937809
"2018-01-24 15:00:00",0.0209809307359307,0.0126203463016665,-0.299464668109668,-0.272154404117313,0.309374104382582,175.992323041962,0.280245256293051,2.20522059696295,0.0471062777777778,0.0298235558129262,-0.14583875,-0.117266669718406,0.160222143032021,162.099414763711,0.12569374783618,2.6410141542011,900.787208333333,210.972665088443,29.6092166666667,226.108190870628,29.6408333333333,0.435016666666667,0.252016666666667,1.46540973517715,211.847139016927,0.874473928484448,1.8879507487888
"2018-01-24 16:00:00",0.0331434983291562,0.0202732252308998,-0.272810434419382,-0.243179776300273,0.285134351054603,173.073132586724,0.251199695242523,2.17307637645566,0.06692925,0.0419513187872094,-0.13913225,-0.102116119914518,0.159307443142451,154.31022569694,0.113484613875806,2.61292470225396,201.851583333333,205.133885451174,29.49265,210.727031903745,29.5245666666667,1.24575,0.0522166666666667,25.0144377577056,212.586679126776,7.45279367560208,1.18831406299588
"2018-01-24 17:00:00",0.0384854594820384,0.0284471058804972,-0.28323104427736,-0.251871651513229,0.293043828660808,172.262035174229,0.259603135752953,2.13994190886845,0.0534206666666667,0.0343192127484474,-0.134886027777778,-0.103787130051292,0.150759155778712,158.394304703341,0.113373458851743,2.57650893329357,241.86725,206.480778616372,29.4964,211.267586650783,29.46465,1.42298333333333,0.118983333333333,-3.02036067835338,206.037103910677,-0.44367470569441,1.30420249854034
"2018-01-24 18:00:00",0.040535052213868,0.0276588327362188,-0.284429250208855,-0.250777140085079,0.296881922773262,171.889185315287,0.260149742871949,2.13001221060551,0.0306784722222222,0.021209417588524,-0.147803472222222,-0.126324310173671,0.156388978854833,168.274040677768,0.132375646497104,2.55952025694136,87.5777175416667,203.774377565264,29.4003833333333,201.708388159455,29.44105,0.87685,0.0332833333333333,-32.960017450699,195.029486403033,-8.74489116223184,0.745026730971676
"2018-01-24 19:00:00",0.00787492690058479,0.00298523012650663,-0.292319991645781,-0.269256204353202,0.30220121019564,178.45685895037,0.277244592836813,2.13651196751428,0.0421785833333333,0.0262790205679092,-0.136598833333333,-0.109769410208094,0.15048358743683,162.840512975497,0.118298289979092,2.56751514773104,0.25593825,201.241120929433,29.30245,194.035008907112,29.2343,1.20111666666667,5e-05,-28.8365594047806,193.602956701887,-7.63816422754605,0.366495084247899
"2018-01-24 20:00:00",0.0265128070175438,0.0155087758601924,-0.293429590643275,-0.264359943030412,0.304914765614998,174.837064071121,0.272856518924415,2.14837781952,0.0408740555555555,0.0271356265776946,-0.146775277777778,-0.120821640358354,0.15875046623423,164.438515898005,0.128411479217143,2.57275778409229,NA,202.021749275996,29.3233,193.930192637858,29.2570666666667,0.9319,0,-31.8249413554371,193.770901570245,-8.25084770575107,0.382278120765353
"2018-01-24 21:00:00",0.0291728341687552,0.0170008761457574,-0.301606869256475,-0.270630544251326,0.314745668347843,174.47526926076,0.279898772699632,2.15387553997608,0.0305900277777778,0.0224909846688185,-0.155040166666667,-0.133645705576982,0.162656047979477,168.838678652594,0.139321990472753,2.57388788163038,NA,202.322313894618,29.2934166666667,193.745956758613,29.2484,0.839266666666667,0,-32.6654582553325,194.23065879834,-8.09165509627869,0.387831349318178
"2018-01-24 22:00:00",0.0241539431913116,0.013487514801178,-0.295685639097744,-0.266800755081949,0.30723400566341,175.329996338543,0.275703653822921,2.15320282550019,0.0412811388888889,0.0293556459119311,-0.163680027777778,-0.137497056535456,0.174013203844594,165.844841173415,0.144458552413326,2.57919612445642,NA,202.420383826072,29.2730333333333,194.160028516758,29.2348166666667,0.73635,0,-32.1690660368616,194.48626077586,-7.93412305021269,0.397402726815993
"2018-01-24 23:00:00",0.0435593762816131,0.0300916657703547,-0.327390336447179,-0.289367131919771,0.341620476727398,172.421291624926,0.300349407240386,2.18395373244687,0.0499198611111111,0.0357416910182852,-0.159382083333333,-0.129474008061463,0.171550002986812,162.608987926416,0.137822689785021,2.59144945663429,NA,202.545597381086,29.2342166666667,195.385789161938,29.2093666666667,1.11223333333333,0,-29.5386022774434,195.612363989651,-6.93323339143535,0.468495337654162
"2018-01-25 00:00:00",0.017348189033189,0.00427277208652758,-0.29625253968254,-0.268528440127453,0.31075538397857,176.648655933108,0.278235593468534,2.16649486348723,0.0366846388888889,0.0243307626306635,-0.167337305555555,-0.142342889507311,0.1780093930151,167.634904042415,0.149299911073782,2.58691178892666,NA,201.96789630081,29.21025,194.416244628964,29.1781333333333,0.910616666666667,0,-33.1466786188015,193.980035398905,-7.98786090190576,0.387066297024941
"2018-01-25 01:00:00",0.0232375,0.0121551307318941,-0.323770119047619,-0.293657591599675,0.335746163254548,175.894829263193,0.302828917654677,2.15646858142528,0.0243696666666667,0.0177363313977936,-0.178725888888889,-0.158675462247442,0.185288417312564,172.235477722974,0.163791416868167,2.56851451460681,NA,202.242034267767,29.2209833333333,194.01768479734,29.1714833333333,0.567766666666667,0,-35.7840965137159,194.2983881489,-7.94364611886648,0.383567945920314
"2018-01-25 02:00:00",0.0251505555555556,0.0151209888466896,-0.319990198412698,-0.289745416649239,0.331291202949065,175.505911475037,0.298654838263178,2.17353515107156,0.0275865277777778,0.0200676960849104,-0.182380083333333,-0.161468318672849,0.189083251095743,171.398730475292,0.166345421243974,2.59141663666471,NA,202.162663551889,29.2218,194.73512085123,29.1792,0.6277,0,-33.3405813870598,194.81776689827,-7.34489665361887,0.410057055700532
"2018-01-25 03:00:00",0.0282486650337966,0.015201473012362,-0.313386635338346,-0.281387202906087,0.327028700688199,174.849279702577,0.291434019943356,2.18254282953879,0.0464643333333333,0.0332907584463428,-0.170483111111111,-0.141150579044302,0.182196610072363,164.754597856851,0.149448953991862,2.59944364467507,NA,202.419971690939,29.2077666666667,194.770125729527,29.1681,0.591183333333333,0,-32.5491051477524,194.850160406122,-7.56981128481673,0.404639492291809
"2018-01-25 04:00:00",0.0197094444444445,0.00842341632324205,-0.297713214285714,-0.267650436012766,0.312180263907918,176.21238671568,0.278942079279139,2.17325701893017,0.0476439166666667,0.0347678517831489,-0.166776444444444,-0.137518507006981,0.178047861835648,164.05666737438,0.145559374239904,2.59593775143938,0.429688375,202.096685730358,29.2083,194.898356599254,29.1647166666667,0.58475,0,-33.0529781106307,194.093843223012,-8.00284250734657,0.391191897696753
"2018-01-25 05:00:00",0.0275113972431078,0.0155392010757291,-0.306254072681704,-0.27503616090662,0.31949891741631,174.866787369735,0.284828672582443,2.15927556446989,0.0457966666666667,0.0327032810630569,-0.149838027777778,-0.122103355581246,0.16107091615611,163.004691535947,0.129901169428239,2.58694473614129,8.46736058333333,202.039533460425,29.2126166666667,194.28529867951,29.1533666666667,0.554816666666667,0.000866666666666667,-8.74119987906858,199.882753454013,-2.1567800064116,0.360474616688573
"2018-01-25 06:00:00",0.0175956704260652,0.00945903131636967,-0.281053385547201,-0.255606453396405,0.290901926730948,176.417607360962,0.263628213509043,2.16163747935067,0.0425255555555556,0.0294387914824394,-0.153301388888889,-0.125745717661396,0.165152889344589,164.496072172759,0.134169578453993,2.59089286192333,238.414770833333,204.878391227577,29.2950833333333,205.753359440837,29.2350833333333,0.7943,0.0400666666666667,55.5404965469361,219.806105143169,14.927713915592,0.906468321941614
"2018-01-25 07:00:00",0.0337119336219336,0.0220399906163593,-0.28475604978355,-0.253317500922559,0.296665630070876,173.248247027014,0.262457149648465,2.17386401450354,0.0392694444444444,0.0291307154586212,-0.159717611111111,-0.134803559534062,0.168618218863215,166.186793895467,0.141257437031879,2.603227596858,750.836,209.449186798133,29.3293333333333,226.184680260712,29.34245,0.979166666666667,0.227733333333333,104.325877645588,236.802045462967,27.3528586648339,1.8906962869236
"2018-01-25 08:00:00",0.0088452380952381,0.00562474657560872,-0.29475119047619,-0.273490795551566,0.300999578364145,178.281117143142,0.279285868309372,2.16954807347646,0.0295705,0.024901142236132,-0.173315333333333,-0.153717482278352,0.177362133482556,170.317613202572,0.157096700363666,2.60032840567366,1088.35975,212.090953340834,29.3563,236.963734358419,29.4089,0.6337,0.351,141.723619153434,246.371262750256,34.2803094094225,2.39880005815324
