time_local,time_utc,along_shore_velocity_bottom_mps,data_coverage_along_shore_velocity_bottom_mps,along_shore_velocity_surface_mps,data_coverage_along_shore_velocity_surface_mps,across_shore_velocity_bottom_mps,data_coverage_across_shore_velocity_bottom_mps,across_shore_velocity_surface_mps,data_coverage_across_shore_velocity_surface_mps,current_speed_bottom_mps,data_coverage_current_speed_bottom_mps,current_speed_surface_mps,data_coverage_current_speed_surface_mps,wave_power_adcp,data_coverage_wave_power_adcp,wave_ht_adcp_m,data_coverage_wave_ht_adcp_m,wave_period_adcp_sec,data_coverage_wave_period_adcp_sec,wave_direction_adcp_degtrue,data_coverage_wave_direction_adcp_degtrue,wave_power_sbe26,data_coverage_wave_power_sbe26,wave_ht_sbe26_m,data_coverage_wave_ht_sbe26_m,wave_period_sbe26_sec,data_coverage_wave_period_sbe26_sec,sea_surface_ht_sbe26_m,data_coverage_sea_surface_ht_sbe26_m,upper_watercolumn_temperature_sbe39_C,data_coverage_upper_watercolumn_temperature_sbe39_C,middle_watercolumn_temperature_sbe39_C,data_coverage_middle_watercolumn_temperature_sbe39_C,bottom_watercolumn_temperature_sbe39_C,data_coverage_bottom_watercolumn_temperature_sbe39_C,temperature_shallow_sbe37_C,data_coverage_temperature_shallow_sbe37_C,salinity_shallow_sbe37_psu,data_coverage_salinity_shallow_sbe37_psu,density_shallow_sbe37_sigt,data_coverage_density_shallow_sbe37_sigt,temperature_deeper_sbe37_C,data_coverage_temperature_deeper_sbe37_C,salinity_deeper_sbe37_psu,data_coverage_salinity_deeper_sbe37_psu,density_deeper_sbe37_sigt,data_coverage_density_deeper_sbe37_sigt
2005-07-01 00:00:00,2005-07-01 10:00:00, -999, 0.00, -999, 0.00, -999, 0.00, -999, 0.00, -999, 0.00, -999, 0.00, -999, 0.00, -999, 0.00, -999, 0.00, -999, 0.00, 2.905e+06, 0.23,  1.51, 0.23, 12.4, 0.23, 10.564, 0.23, -999, 0.00, -999, 0.00, -999, 0.00, -999, 0.00, -999, 0.00, -999, 0.00, -999, 0.00, -999, 0.00, -999, 0.00
2005-08-01 00:00:00,2005-08-01 10:00:00, -999, 0.00, -999, 0.00, -999, 0.00, -999, 0.00, -999, 0.00, -999, 0.00, -999, 0.00, -999, 0.00, -999, 0.00, -999, 0.00, 1.943e+06, 1.00,  1.24, 1.00, 11.2, 1.00, 10.550, 1.00, -999, 0.00, -999, 0.00, -999, 0.00, -999, 0.00, -999, 0.00, -999, 0.00, -999, 0.00, -999, 0.00, -999, 0.00
2005-09-01 00:00:00,2005-09-01 10:00:00, -999, 0.00, -999, 0.00, -999, 0.00, -999, 0.00, -999, 0.00, -999, 0.00, -999, 0.00, -999, 0.00, -999, 0.00, -999, 0.00, 4.016e+06, 1.00,  1.59, 1.00, 12.2, 1.00, 10.530, 1.00, -999, 0.00, -999, 0.00, -999, 0.00, -999, 0.00, -999, 0.00, -999, 0.00, -999, 0.00, -999, 0.00, -999, 0.00
2005-10-01 00:00:00,2005-10-01 10:00:00, -999, 0.00, -999, 0.00, -999, 0.00, -999, 0.00, -999, 0.00, -999, 0.00, -999, 0.00, -999, 0.00, -999, 0.00, -999, 0.00, 3.090e+06, 1.00,  1.41, 1.00, 12.6, 1.00, 10.534, 1.00, -999, 0.00, -999, 0.00, -999, 0.00, -999, 0.00, -999, 0.00, -999, 0.00, -999, 0.00, -999, 0.00, -999, 0.00
2005-11-01 00:00:00,2005-11-01 10:00:00, -999, 0.00, -999, 0.00, -999, 0.00, -999, 0.00, -999, 0.00, -999, 0.00, -999, 0.00, -999, 0.00, -999, 0.00, -999, 0.00, 2.460e+06, 1.00,  1.31, 1.00, 11.8, 1.00, 10.598, 1.00, -999, 0.00, -999, 0.00, -999, 0.00, -999, 0.00, -999, 0.00, -999, 0.00, -999, 0.00, -999, 0.00, -999, 0.00
2005-12-01 00:00:00,2005-12-01 10:00:00, -999, 0.00, -999, 0.00, -999, 0.00, -999, 0.00, -999, 0.00, -999, 0.00, -999, 0.00, -999, 0.00, -999, 0.00, -999, 0.00, 1.107e+06, 1.00,  0.95, 1.00, 11.2, 1.00, 10.573, 1.00, -999, 0.00, -999, 0.00, -999, 0.00, -999, 0.00, -999, 0.00, -999, 0.00, -999, 0.00, -999, 0.00, -999, 0.00
2006-01-01 00:00:00,2006-01-01 10:00:00, -999, 0.00, -999, 0.00, -999, 0.00, -999, 0.00, -999, 0.00, -999, 0.00, -999, 0.00, -999, 0.00, -999, 0.00, -999, 0.00, 1.070e+06, 1.00,  0.90, 1.00, 12.3, 1.00, 10.603, 1.00, -999, 0.00, -999, 0.00, -999, 0.00, -999, 0.00, -999, 0.00, -999, 0.00, -999, 0.00, -999, 0.00, -999, 0.00
2006-02-01 00:00:00,2006-02-01 10:00:00, -999, 0.00, -999, 0.00, -999, 0.00, -999, 0.00, -999, 0.00, -999, 0.00, -999, 0.00, -999, 0.00, -999, 0.00, -999, 0.00, 2.238e+06, 1.00,  1.28, 1.00, 11.7, 1.00, 10.572, 1.00, -999, 0.00, -999, 0.00, -999, 0.00, -999, 0.00, -999, 0.00, -999, 0.00, -999, 0.00, -999, 0.00, -999, 0.00
2006-03-01 00:00:00,2006-03-01 10:00:00, -999, 0.00, -999, 0.00, -999, 0.00, -999, 0.00, -999, 0.00, -999, 0.00, -999, 0.00, -999, 0.00, -999, 0.00, -999, 0.00, 2.357e+06, 1.00,  1.27, 1.00, 12.5, 1.00, 10.597, 1.00, -999, 0.00, 29.32, 0.08, 29.29, 0.08, 29.37, 0.08, 35.8990, 0.08, 22.6342, 0.08, 29.30, 0.08, 35.9040, 0.08, 22.7002, 0.08
2006-04-01 00:00:00,2006-04-01 10:00:00, -999, 0.00, -999, 0.00, -999, 0.00, -999, 0.00, -999, 0.00, -999, 0.00, -999, 0.00, -999, 0.00, -999, 0.00, -999, 0.00, 2.638e+06, 1.00,  1.34, 1.00, 12.0, 1.00, 10.612, 1.00, -999, 0.00, 29.13, 1.00, 29.12, 1.00, 29.15, 1.00, 35.9324, 1.00, 22.7309, 1.00, 29.12, 1.00, 35.9502, 1.00, 22.7948, 1.00
2006-05-01 00:00:00,2006-05-01 10:00:00, -999, 0.00, -999, 0.00, -999, 0.00, -999, 0.00, -999, 0.00, -999, 0.00, -999, 0.00, -999, 0.00, -999, 0.00, -999, 0.00, 3.663e+06, 1.00,  1.57, 1.00, 12.7, 1.00, 10.606, 1.00, -999, 0.00, 28.74, 1.00, 28.74, 1.00, 28.90, 0.51, 35.9006, 0.51, 22.7938, 0.51, 28.86, 0.53, 35.9207, 0.53, 22.8602, 0.53
2006-06-01 00:00:00,2006-06-01 10:00:00, -999, 0.00, -999, 0.00, -999, 0.00, -999, 0.00, -999, 0.00, -999, 0.00, -999, 0.00, -999, 0.00, -999, 0.00, -999, 0.00, 3.796e+06, 1.00,  1.61, 1.00, 13.1, 1.00, 10.570, 1.00, -999, 0.00, 27.81, 1.00, 27.81, 1.00, 27.47, 0.25, 35.8919, 0.25, 23.2564, 0.25, 27.45, 0.25, 35.8908, 0.25, 23.3003, 0.25
2006-07-01 00:00:00,2006-07-01 10:00:00, -999, 0.00, -999, 0.00, -999, 0.00, -999, 0.00, -999, 0.00, -999, 0.00, -999, 0.00, -999, 0.00, -999, 0.00, -999, 0.00, 5.659e+06, 0.98,  1.87, 0.98, 13.2, 0.98, 10.576, 0.98, -999, 0.00, 27.27, 1.00, 27.27, 1.00, 27.29, 1.00, 35.9197, 1.00, 23.3361, 1.00, 27.27, 1.00, 35.9198, 1.00, 23.3818, 1.00
2006-08-01 00:00:00,2006-08-01 10:00:00, -999, 0.00, -999, 0.00, -999, 0.00, -999, 0.00, -999, 0.00, -999, 0.00, -999, 0.00, -999, 0.00, -999, 0.00, -999, 0.00, 3.302e+06, 1.00,  1.60, 1.00, 11.5, 1.00, 10.552, 1.00, -999, 0.00, 26.59, 1.00, 26.59, 1.00, 26.61, 1.00, 36.0016, 1.00, 23.6131, 1.00, 26.59, 1.00, 36.0011, 1.00, 23.6603, 1.00
2006-09-01 00:00:00,2006-09-01 10:00:00, -999, 0.00, -999, 0.00, -999, 0.00, -999, 0.00, -999, 0.00, -999, 0.00, -999, 0.00, -999, 0.00, -999, 0.00, -999, 0.00, 4.831e+06, 1.00,  1.73, 1.00, 13.0, 1.00, 10.552, 1.00, -999, 0.00, 26.52, 1.00, 26.50, 1.00, 26.56, 1.00, 36.2349, 1.00, 23.8069, 1.00, 26.51, 1.00, 36.2679, 1.00, 23.8881, 1.00
2006-10-01 00:00:00,2006-10-01 10:00:00, -999, 0.00, -999, 0.00, -999, 0.00, -999, 0.00, -999, 0.00, -999, 0.00, -999, 0.00, -999, 0.00, -999, 0.00, -999, 0.00, 4.226e+06, 1.00,  1.63, 1.00, 12.1, 1.00, 10.533, 1.00, -999, 0.00, 26.90, 1.00, 26.87, 1.00, 26.93, 1.00, 36.2898, 1.00, 23.7290, 1.00, 26.88, 1.00, 36.3379, 1.00, 23.8213, 1.00
2006-11-01 00:00:00,2006-11-01 10:00:00, -999, 0.00, -999, 0.00, -999, 0.00, -999, 0.00, -999, 0.00, -999, 0.00, -999, 0.00, -999, 0.00, -999, 0.00, -999, 0.00, 1.699e+06, 1.00,  1.16, 1.00, 11.4, 1.00, 10.519, 1.00, -999, 0.00, 27.22, 1.00, 27.16, 1.00, 27.30, 1.00, 36.3080, 1.00, 23.6215, 1.00, 27.18, 1.00, 36.3559, 1.00, 23.7386, 1.00
2006-12-01 00:00:00,2006-12-01 10:00:00, -999, 0.00, -999, 0.00, -999, 0.00, -999, 0.00, -999, 0.00, -999, 0.00, -999, 0.00, -999, 0.00, -999, 0.00, -999, 0.00, 2.458e+06, 1.00,  1.15, 1.00, 11.3, 1.00, 10.524, 0.99, -999, 0.00, 28.40, 1.00, 28.29, 1.00, 28.51, 1.00, 36.1217, 1.00, 23.0843, 1.00, 28.34, 1.00, 36.1606, 1.00, 23.2104, 1.00
2007-01-01 00:00:00,2007-01-01 10:00:00, -999, 0.00, -999, 0.00, -999, 0.00, -999, 0.00, -999, 0.00, -999, 0.00, -999, 0.00, -999, 0.00, -999, 0.00, -999, 0.00, 1.277e+06, 1.00,  1.01, 1.00, 11.0, 1.00, 10.590, 1.00, -999, 0.00, 28.55, 1.00, 28.52, 1.00, 28.59, 1.00, 35.9448, 1.00, 22.9268, 1.00, 28.53, 1.00, 35.9588, 1.00, 22.9966, 1.00
2007-02-01 00:00:00,2007-02-01 10:00:00, -999, 0.00, -999, 0.00, -999, 0.00, -999, 0.00, -999, 0.00, -999, 0.00, -999, 0.00, -999, 0.00, -999, 0.00, -999, 0.00, 2.085e+06, 1.00,  1.22, 1.00, 11.5, 1.00, 10.599, 1.00, -999, 0.00, 29.05, 1.00, 28.92, 1.00, 29.22, 1.00, 35.8347, 1.00, 22.6347, 1.00, 28.98, 1.00, 35.8637, 1.00, 22.7768, 1.00
2007-03-01 00:00:00,2007-03-01 10:00:00, -999, 0.00, -999, 0.00, -999, 0.00, -999, 0.00, -999, 0.00, -999, 0.00, -999, 0.00, -999, 0.00, -999, 0.00, -999, 0.00, 3.115e+06, 1.00,  1.48, 1.00, 12.8, 1.00, 10.629, 1.00, -999, 0.00, 29.45, 1.00, 29.43, 0.99, 29.49, 1.00, 35.9636, 1.00, 22.6410, 1.00, 29.44, 1.00, 35.9625, 1.00, 22.6976, 1.00
2007-04-01 00:00:00,2007-04-01 10:00:00, 0.022, 0.09, -0.037, 0.09, -0.005, 0.09, 0.067, 0.09, 0.080, 0.09, 0.133, 0.09, 1.601e+06, 0.08,  1.17, 0.08, 11.5, 0.08, 197.4, 0.08, 3.578e+06, 1.00,  1.55, 1.00, 12.8, 1.00, 10.581, 1.00, -999, 0.00, 29.21, 1.00, 29.18, 1.00, 29.27, 1.00, 35.9116, 1.00, 22.6761, 1.00, 29.19, 1.00, 35.9370, 1.00, 22.7615, 1.00
2007-05-01 00:00:00,2007-05-01 10:00:00, -999, 0.00, -999, 0.00, -999, 0.00, -999, 0.00, -999, 0.00, -999, 0.00, -999, 0.00, -999, 0.00, -999, 0.00, -999, 0.00, 3.264e+06, 1.00,  1.45, 1.00, 12.8, 1.00, 10.591, 1.00, -999, 0.00, 28.76, 1.00, 28.75, 1.00, 28.80, 1.00, 36.0316, 1.00, 22.9219, 1.00, 28.75, 1.00, 36.0440, 1.00, 22.9887, 1.00
2007-06-01 00:00:00,2007-06-01 10:00:00, -999, 0.00, -999, 0.00, -999, 0.00, -999, 0.00, -999, 0.00, -999, 0.00, -999, 0.00, -999, 0.00, -999, 0.00, -999, 0.00, 4.304e+06, 1.00,  1.61, 1.00, 12.5, 1.00, 10.558, 1.00, -999, 0.00, 27.98, 1.00, 27.97, 1.00, 27.99, 1.00, 35.9544, 1.00, 23.1311, 1.00, 27.98, 1.00, 35.9724, 1.00, 23.1915, 1.00
2007-07-01 00:00:00,2007-07-01 10:00:00, 0.012, 0.82, -0.060, 0.82, -0.000, 0.82, 0.072, 0.82, 0.059, 0.82, 0.128, 0.82, 2.673e+06, 0.82,  1.39, 0.82, 12.3, 0.82, 212.8, 0.82, 3.002e+06, 0.99,  1.49, 0.99, 11.6, 0.99, 10.543, 0.99, -999, 0.00, 27.13, 1.00, 27.13, 1.00, 27.14, 1.00, 36.1398, 1.00, 23.5478, 1.00, 27.13, 1.00, 36.1471, 1.00, 23.5990, 1.00
2007-08-01 00:00:00,2007-08-01 10:00:00, 0.039, 0.74, -0.017, 0.74, 0.000, 0.74, 0.066, 0.74, 0.066, 0.74, 0.106, 0.74, 2.044e+06, 0.74,  1.17, 0.74, 13.0, 0.74, 210.6, 0.74, 2.384e+06, 1.00,  1.26, 1.00, 12.3, 1.00, 10.572, 1.00, 26.94, 0.47, 27.02, 1.00, 27.01, 1.00, 27.06, 1.00, 36.2657, 1.00, 23.6692, 1.00, 27.01, 1.00, 36.2490, 1.00, 23.7117, 1.00
2007-09-01 00:00:00,2007-09-01 10:00:00, 0.008, 1.00, -0.066, 1.00, -0.001, 1.00, 0.068, 1.00, 0.060, 1.00, 0.136, 1.00, 2.824e+06, 1.00,  1.38, 1.00, 13.4, 1.00, 206.1, 1.00, 3.155e+06, 1.00,  1.49, 1.00, 12.3, 1.00, 10.527, 1.00, 26.85, 1.00, 26.84, 1.00, 26.82, 1.00, 26.88, 1.00, 36.3014, 1.00, 23.7515, 1.00, 26.83, 1.00, 36.2558, 1.00, 23.7765, 1.00
2007-10-01 00:00:00,2007-10-01 10:00:00, 0.043, 1.00, 0.011, 1.00, -0.001, 1.00, 0.077, 1.00, 0.073, 1.00, 0.131, 1.00, 2.321e+06, 1.00,  1.28, 1.00, 12.7, 1.00, 206.4, 1.00, 2.735e+06, 1.00,  1.39, 1.00, 11.8, 1.00, 10.514, 1.00, 27.04, 1.00, 27.01, 1.00, 26.97, 1.00, 27.12, 1.00, 36.3011, 1.00, 23.6769, 1.00, 26.99, 1.00, 36.2580, 1.00, 23.7272, 1.00
2007-11-01 00:00:00,2007-11-01 10:00:00, 0.004, 0.98, -0.049, 0.98, -0.004, 0.98, 0.063, 0.98, 0.068, 0.98, 0.130, 0.98, 2.368e+06, 0.98,  1.24, 0.98, 12.7, 0.98, 203.7, 0.98, 2.953e+06, 0.99,  1.35, 0.99, 11.6, 0.99, 10.528, 0.99, 27.49, 0.97, 27.46, 0.96, 27.42, 0.96, 27.57, 1.00, 36.2466, 1.00, 23.4890, 1.00, 27.48, 1.00, 36.2001, 1.00, 23.5255, 1.00
2007-12-01 00:00:00,2007-12-01 10:00:00, 0.020, 0.73, 0.008, 0.73, -0.003, 0.73, 0.031, 0.73, 0.082, 0.73, 0.133, 0.73, 1.307e+06, 0.72,  1.01, 0.72, 11.3, 0.72, 201.1, 0.72, 1.690e+06, 1.00,  1.13, 1.00, 10.6, 1.00, 10.488, 1.00, 27.77, 1.00, 27.77, 0.96, 27.76, 0.96, 27.83, 1.00, 35.9792, 1.00, 23.2024, 1.00, 27.77, 1.00, 36.0423, 1.00, 23.3105, 1.00
2008-01-01 00:00:00,2008-01-01 10:00:00, 0.013, 1.00, 0.015, 1.00, -0.002, 1.00, 0.026, 1.00, 0.063, 1.00, 0.109, 1.00, 1.383e+06, 1.00,  0.96, 1.00, 13.5, 1.00, 213.6, 1.00, 1.733e+06, 1.00,  1.08, 1.00, 12.3, 1.00, 10.520, 1.00, 27.87, 1.00, 27.87, 1.00, 27.86, 1.00, 27.93, 1.00, 35.9571, 1.00, 23.1550, 1.00, 27.86, 1.00, 35.9851, 1.00, 23.2400, 1.00
2008-02-01 00:00:00,2008-02-01 10:00:00, 0.019, 1.04, 0.019, 1.04, -0.004, 1.04, 0.027, 1.04, 0.071, 1.04, 0.123, 1.04, 1.301e+06, 1.03,  0.93, 1.03, 13.0, 1.03, 213.9, 1.03, 1.733e+06, 1.04,  1.04, 1.04, 12.1, 1.04, 10.549, 1.04, 28.36, 1.04, 28.35, 1.04, 28.33, 1.04, 28.46, 1.04, 36.0626, 1.04, 23.0572, 1.04, 28.33, 1.04, 36.0872, 1.04, 23.1605, 1.04
2008-03-01 00:00:00,2008-03-01 10:00:00, 0.089, 0.72, 0.115, 0.72, -0.001, 0.72, 0.047, 0.72, 0.103, 0.72, 0.156, 0.72, 1.637e+06, 0.61,  1.04, 0.61, 14.1, 0.61, 211.1, 0.61, 2.558e+06, 1.00,  1.30, 1.00, 13.4, 1.00, 10.552, 1.00, 28.25, 1.00, 28.25, 1.00, 28.24, 1.00, 28.29, 1.00, 36.1092, 1.00, 23.1498, 1.00, 28.24, 1.00, 36.1139, 1.00, 23.2115, 1.00
2008-04-01 00:00:00,2008-04-01 10:00:00, -999, 0.00, -999, 0.00, -999, 0.00, -999, 0.00, -999, 0.00, -999, 0.00, -999, 0.00, -999, 0.00, -999, 0.00, -999, 0.00, 4.981e+06, 1.00,  1.71, 1.00, 12.7, 1.00, 10.559, 1.00, 28.33, 1.00, 28.33, 1.00, 28.32, 1.00, 28.37, 1.00, 36.1454, 1.00, 23.1514, 1.00, 28.32, 1.00, 36.0985, 1.00, 23.1729, 1.00
2008-05-01 00:00:00,2008-05-01 10:00:00, -999, 0.00, -999, 0.00, -999, 0.00, -999, 0.00, -999, 0.00, -999, 0.00, -999, 0.00, -999, 0.00, -999, 0.00, -999, 0.00, 1.972e+06, 1.00,  1.19, 1.00, 11.6, 1.00, 10.563, 1.00, 28.21, 1.00, 28.21, 1.00, 28.21, 1.00, 28.25, 1.00, 36.0983, 1.00, 23.1558, 1.00, 28.20, 1.00, 36.0358, 1.00, 23.1637, 1.00
2008-06-01 00:00:00,2008-06-01 10:00:00, -999, 0.00, -999, 0.00, -999, 0.00, -999, 0.00, -999, 0.00, -999, 0.00, -999, 0.00, -999, 0.00, -999, 0.00, -999, 0.00, 6.269e+06, 0.94,  2.01, 0.94, 13.3, 0.94, 10.544, 0.94, 27.54, 1.00, 27.54, 1.00, 27.54, 1.00, 27.54, 1.00, 36.2117, 1.00, 23.4722, 1.00, 27.54, 1.00, 36.1472, 1.00, 23.4664, 1.00
2008-07-01 00:00:00,2008-07-01 10:00:00, -999, 0.00, -999, 0.00, -999, 0.00, -999, 0.00, -999, 0.00, -999, 0.00, -999, 0.00, -999, 0.00, -999, 0.00, -999, 0.00, 3.781e+06, 0.57,  1.72, 0.57, 11.6, 0.57, 10.545, 0.57, 26.88, 1.00, 26.88, 1.00, 26.88, 1.00, 26.88, 1.00, 36.3858, 1.00, 23.8147, 1.00, 26.87, 1.00, 36.3461, 1.00, 23.8292, 1.00
2008-08-01 00:00:00,2008-08-01 10:00:00, -999, 0.00, -999, 0.00, -999, 0.00, -999, 0.00, -999, 0.00, -999, 0.00, -999, 0.00, -999, 0.00, -999, 0.00, -999, 0.00, 2.120e+06, 1.00,  1.29, 1.00, 11.9, 1.00, 10.519, 1.00, 26.29, 1.00, 26.28, 1.00, 26.27, 1.00, 26.30, 1.00, 36.4788, 1.00, 24.0694, 1.00, 26.27, 1.00, 36.4408, 1.00, 24.0921, 1.00
2008-09-01 00:00:00,2008-09-01 10:00:00, -999, 0.00, -999, 0.00, -999, 0.00, -999, 0.00, -999, 0.00, -999, 0.00, -999, 0.00, -999, 0.00, -999, 0.00, -999, 0.00, 3.560e+06, 1.00,  1.53, 1.00, 12.2, 1.00, 10.475, 1.00, 25.95, 1.00, 25.93, 1.00, 25.90, 1.00, 25.97, 1.00, 36.5404, 1.00, 24.2205, 1.00, 25.91, 1.00, 36.5089, 1.00, 24.2564, 1.00
2008-10-01 00:00:00,2008-10-01 10:00:00, -999, 0.00, -999, 0.00, -999, 0.00, -999, 0.00, -999, 0.00, -999, 0.00, -999, 0.00, -999, 0.00, -999, 0.00, -999, 0.00, 2.747e+06, 1.00,  1.36, 1.00, 13.0, 1.00, 10.503, 1.00, 26.64, 1.00, 26.60, 1.00, 26.56, 1.00, 26.68, 1.00, 36.5536, 1.00, 24.0048, 1.00, 26.58, 1.00, 36.5193, 1.00, 24.0536, 1.00
2008-11-01 00:00:00,2008-11-01 10:00:00, -999, 0.00, -999, 0.00, -999, 0.00, -999, 0.00, -999, 0.00, -999, 0.00, -999, 0.00, -999, 0.00, -999, 0.00, -999, 0.00, 1.697e+06, 1.00,  1.11, 1.00, 11.8, 1.00, 10.502, 1.00, 27.54, 1.00, 27.49, 1.00, 27.39, 1.00, 27.61, 1.00, 36.5449, 1.00, 23.7016, 1.00, 27.43, 1.00, 36.5189, 1.00, 23.7780, 1.00
2008-12-01 00:00:00,2008-12-01 10:00:00, -999, 0.00, -999, 0.00, -999, 0.00, -999, 0.00, -999, 0.00, -999, 0.00, 3.006e+06, 0.00,  1.38, 0.00, 16.0, 0.00, 216.0, 0.00, 9.667e+05, 0.99,  0.84, 0.99, 11.0, 0.99, 10.514, 0.99, 28.33, 1.00, 28.28, 1.00, 28.19, 1.00, 28.39, 1.00, 36.2575, 1.00, 23.2294, 1.00, 28.29, 0.89, 36.2983, 0.89, 23.3258, 0.89
2009-01-01 00:00:00,2009-01-01 10:00:00, -999, 0.00, -999, 0.00, -999, 0.00, -999, 0.00, -999, 0.00, -999, 0.00, -999, 0.00, -999, 0.00, -999, 0.00, -999, 0.00, 1.067e+06, 1.00,  0.91, 1.00, 11.8, 1.00, 10.511, 1.00, 28.76, 1.00, 28.72, 1.00, 28.64, 1.00, 28.79, 1.00, 36.1145, 1.00, 22.9882, 1.00, 28.69, 1.00, 36.1614, 1.00, 23.0922, 1.00
2009-02-01 00:00:00,2009-02-01 10:00:00, -999, 0.00, -999, 0.00, -999, 0.00, -999, 0.00, -999, 0.00, -999, 0.00, -999, 0.00, -999, 0.00, -999, 0.00, -999, 0.00, 2.102e+06, 1.00,  1.24, 1.00, 12.6, 1.00, 10.509, 1.00, 28.82, 1.00, 28.79, 1.00, 28.76, 1.00, 28.86, 1.00, 36.2634, 1.00, 23.0795, 1.00, 28.78, 1.00, 36.2816, 1.00, 23.1526, 1.00
2009-03-01 00:00:00,2009-03-01 10:00:00, -999, 0.00, -999, 0.00, -999, 0.00, -999, 0.00, -999, 0.00, -999, 0.00, -999, 0.00, -999, 0.00, -999, 0.00, -999, 0.00, 1.099e+06, 1.00,  0.91, 1.00, 11.9, 1.00, 10.551, 1.00, 28.71, 1.00, 28.69, 1.00, 28.67, 1.00, 28.74, 1.00, 36.0521, 1.00, 22.9593, 1.00, 28.68, 1.00, 36.0795, 1.00, 23.0342, 1.00
2009-04-01 00:00:00,2009-04-01 10:00:00, -999, 0.00, -999, 0.00, -999, 0.00, -999, 0.00, -999, 0.00, -999, 0.00, -999, 0.00, -999, 0.00, -999, 0.00, -999, 0.00, 2.791e+06, 1.00,  1.38, 1.00, 12.6, 1.00, 10.555, 1.00, 28.91, 1.00, 28.89, 1.00, 28.86, 1.00, 28.93, 1.00, 36.0951, 1.00, 22.9267, 1.00, 28.88, 1.00, 36.1172, 1.00, 22.9953, 1.00
2009-05-01 00:00:00,2009-05-01 10:00:00, -999, 0.00, -999, 0.00, -999, 0.00, -999, 0.00, -999, 0.00, -999, 0.00, -999, 0.00, -999, 0.00, -999, 0.00, -999, 0.00, 2.439e+06, 1.00,  1.38, 1.00, 11.8, 1.00, 10.556, 1.00, 28.35, 1.00, 28.34, 1.00, 28.34, 1.00, 28.54, 0.53, 36.1737, 0.53, 23.1155, 0.53, 28.44, 0.74, 36.2137, 0.74, 23.2136, 0.74
2009-06-01 00:00:00,2009-06-01 10:00:00, -999, 0.00, -999, 0.00, -999, 0.00, -999, 0.00, -999, 0.00, -999, 0.00, -999, 0.00, -999, 0.00, -999, 0.00, -999, 0.00, 6.783e+06, 1.00,  2.14, 1.00, 12.8, 1.00, 10.519, 1.00, 27.54, 1.00, 27.53, 1.00, 27.53, 1.00, -999, 0.00, -999, 0.00, -999, 0.00, -999, 0.00, -999, 0.00, -999, 0.00
2009-07-01 00:00:00,2009-07-01 10:00:00, -999, 0.00, -999, 0.00, -999, 0.00, -999, 0.00, -999, 0.00, -999, 0.00, -999, 0.00, -999, 0.00, -999, 0.00, -999, 0.00, 5.472e+06, 0.99,  1.92, 0.99, 12.6, 0.99, 10.516, 0.99, 26.96, 1.00, 26.95, 1.00, 26.94, 1.00, -999, 0.00, -999, 0.00, -999, 0.00, 26.91, 0.86, 36.3618, 0.86, 23.8222, 0.86
2009-08-01 00:00:00,2009-08-01 10:00:00, -999, 0.00, -999, 0.00, -999, 0.00, -999, 0.00, -999, 0.00, -999, 0.00, -999, 0.00, -999, 0.00, -999, 0.00, -999, 0.00, 2.634e+06, 1.00,  1.44, 1.00, 11.5, 1.00, 10.516, 1.00, 26.58, 1.00, 26.57, 1.00, 26.55, 1.00, -999, 0.00, -999, 0.00, -999, 0.00, 26.56, 1.00, 36.3461, 1.00, 23.9234, 1.00
2009-09-01 00:00:00,2009-09-01 10:00:00, 0.054, 0.79, 0.049, 0.79, -0.007, 0.79, 0.047, 0.79, 0.093, 0.79, 0.145, 0.79, 2.701e+06, 0.79,  1.42, 0.79, 12.9, 0.79, 211.1, 0.79, 2.310e+06, 1.00,  1.35, 1.00, 11.8, 1.00, 10.538, 1.00, 26.68, 1.00, 26.66, 1.00, 26.65, 1.00, -999, 0.00, -999, 0.00, -999, 0.00, 26.66, 1.00, 36.2822, 1.00, 23.8449, 1.00
2009-10-01 00:00:00,2009-10-01 10:00:00, 0.050, 1.00, 0.046, 1.00, -0.006, 1.00, 0.043, 1.00, 0.082, 1.00, 0.129, 1.00, 2.295e+06, 1.00,  1.25, 1.00, 12.9, 1.00, 212.1, 1.00, 2.132e+06, 1.00,  1.16, 1.00, 12.0, 1.00, 10.532, 1.00, 26.88, 1.00, 26.86, 1.00, 26.83, 1.00, -999, 0.00, -999, 0.00, -999, 0.00, 26.84, 1.00, 36.2460, 1.00, 23.7569, 1.00
2009-11-01 00:00:00,2009-11-01 10:00:00, 0.067, 1.00, 0.067, 1.00, -0.008, 1.00, 0.060, 1.00, 0.094, 1.00, 0.156, 1.00, 3.177e+06, 1.00,  1.47, 1.00, 13.1, 1.00, 217.2, 1.00, 2.771e+06, 1.00,  1.37, 1.00, 12.3, 1.00, 10.567, 1.00, 27.80, 1.00, 27.75, 1.00, 27.70, 1.00, -999, 0.00, -999, 0.00, -999, 0.00, 27.73, 1.00, 36.1549, 1.00, 23.4017, 1.00
2009-12-01 00:00:00,2009-12-01 10:00:00, 0.021, 1.00, -0.003, 1.00, -0.006, 1.00, 0.038, 1.00, 0.083, 1.00, 0.143, 1.00, 1.660e+06, 1.31,  1.06, 1.31, 12.5, 1.31, 214.9, 1.31, 1.531e+06, 0.96,  1.02, 0.96, 11.9, 0.96, 10.559, 0.96, 28.51, 1.00, 28.46, 1.00, 28.37, 1.00, -999, 0.00, -999, 0.00, -999, 0.00, 27.75, 0.24, 36.1643, 0.24, 23.4034, 0.24
2010-01-01 00:00:00,2010-01-01 10:00:00, 0.039, 0.75, 0.032, 0.75, -0.005, 0.75, 0.039, 0.75, 0.089, 0.75, 0.129, 0.75, 1.343e+06, 1.48,  1.08, 1.48, 10.9, 1.48, 201.1, 1.48, 1.074e+06, 1.00,  0.98, 1.00, 10.5, 1.00, 10.549, 1.00, 29.08, 1.00, 29.04, 1.00, 28.96, 1.00, -999, 0.00, -999, 0.00, -999, 0.00, -999, 0.00, -999, 0.00, -999, 0.00
2010-02-01 00:00:00,2010-02-01 10:00:00, -999, 0.00, -999, 0.00, -999, 0.00, -999, 0.00, -999, 0.00, -999, 0.00, -999, 0.00, -999, 0.00, -999, 0.00, -999, 0.00, 3.380e+06, 1.00,  1.54, 1.00, 11.6, 1.00, 10.523, 1.00, 28.60, 1.00, 28.57, 1.00, 28.51, 1.00, -999, 0.00, -999, 0.00, -999, 0.00, -999, 0.00, -999, 0.00, -999, 0.00
2010-03-01 00:00:00,2010-03-01 10:00:00, -999, 0.00, -999, 0.00, -999, 0.00, -999, 0.00, -999, 0.00, -999, 0.00, -999, 0.00, -999, 0.00, -999, 0.00, -999, 0.00, 3.366e+06, 1.00,  1.40, 1.00, 12.0, 1.00, 10.496, 1.00, 28.70, 1.00, 28.67, 1.00, 28.63, 1.00, -999, 0.00, -999, 0.00, -999, 0.00, -999, 0.00, -999, 0.00, -999, 0.00
2010-04-01 00:00:00,2010-04-01 10:00:00, -999, 0.00, -999, 0.00, -999, 0.00, -999, 0.00, -999, 0.00, -999, 0.00, -999, 0.00, -999, 0.00, -999, 0.00, -999, 0.00, 3.724e+06, 1.00,  1.61, 1.00, 12.9, 1.00, 10.513, 1.00, 29.03, 1.00, 29.02, 1.00, 29.00, 1.00, -999, 0.00, -999, 0.00, -999, 0.00, -999, 0.00, -999, 0.00, -999, 0.00
2010-05-01 00:00:00,2010-05-01 10:00:00, -999, 0.00, -999, 0.00, -999, 0.00, -999, 0.00, -999, 0.00, -999, 0.00, -999, 0.00, -999, 0.00, -999, 0.00, -999, 0.00, 3.381e+06, 1.00,  1.53, 1.00, 12.5, 1.00, 10.463, 1.00, 28.42, 1.00, 28.41, 1.00, 28.39, 1.00, -999, 0.00, -999, 0.00, -999, 0.00, -999, 0.00, -999, 0.00, -999, 0.00
2010-06-01 00:00:00,2010-06-01 10:00:00, -999, 0.00, -999, 0.00, -999, 0.00, -999, 0.00, -999, 0.00, -999, 0.00, -999, 0.00, -999, 0.00, -999, 0.00, -999, 0.00, 3.888e+06, 1.00,  1.64, 1.00, 12.4, 1.00, 10.462, 1.00, 27.78, 1.00, 27.77, 1.00, 27.75, 1.00, -999, 0.00, -999, 0.00, -999, 0.00, -999, 0.00, -999, 0.00, -999, 0.00
2010-07-01 00:00:00,2010-07-01 10:00:00, 0.059, 0.92, 0.033, 0.00, -0.003, 0.92, 0.013, 0.00, 0.078, 0.92, 0.035, 0.00, 3.346e+06, 0.92,  1.46, 0.92, 14.1, 0.92, 212.0, 0.92, 2.325e+06, 0.68,  1.22, 0.68, 12.8, 0.68, 10.498, 0.68, 27.14, 1.00, 27.14, 1.00, 27.13, 1.00, 27.12, 0.92, 36.0242, 0.92, 23.4692, 0.92, 27.10, 0.92, 36.0598, 0.92, 23.5351, 0.92
2010-08-01 00:00:00,2010-08-01 10:00:00, 0.056, 1.00, -999, 0.00, -0.003, 1.00, -999, 0.00, 0.081, 1.00, -999, 0.00, 2.842e+06, 1.00,  1.37, 1.00, 13.4, 1.00, 212.6, 1.00, -999, 0.00, -999, 0.00, -999, 0.00, -999, 0.00, 26.62, 1.00, 26.61, 1.00, 26.60, 1.00, 26.64, 1.00, 36.0918, 1.00, 23.6739, 1.00, 26.60, 1.00, 36.0556, 1.00, 23.6912, 1.00
2010-09-01 00:00:00,2010-09-01 10:00:00, 0.109, 1.00, 0.120, 0.00, -0.006, 1.00, 0.052, 0.00, 0.118, 1.00, 0.134, 0.00, 3.673e+06, 1.00,  1.52, 1.00, 13.8, 1.00, 213.9, 1.00, -999, 0.00, -999, 0.00, -999, 0.00, -999, 0.00, 26.35, 1.00, 26.34, 1.00, 26.34, 1.00, 26.36, 1.00, 36.1091, 1.00, 23.7731, 1.00, 26.34, 1.00, 36.0115, 1.00, 23.7415, 1.00
2010-10-01 00:00:00,2010-10-01 10:00:00, 0.036, 1.00, 0.069, 0.00, -0.005, 1.00, 0.017, 0.00, 0.075, 1.00, 0.072, 0.00, 2.563e+06, 1.00,  1.35, 1.00, 12.7, 1.00, 210.7, 1.00, -999, 0.00, -999, 0.00, -999, 0.00, -999, 0.00, 26.54, 1.00, 26.52, 1.00, 26.50, 1.00, 26.56, 1.00, 36.0943, 1.00, 23.7011, 1.00, 26.51, 1.00, 35.9426, 1.00, 23.6351, 1.00
2010-11-01 00:00:00,2010-11-01 10:00:00, 0.053, 0.04, -999, 0.00, -0.011, 0.04, -999, 0.00, 0.075, 0.04, -999, 0.00, 1.274e+06, 0.04,  1.01, 0.04, 12.4, 0.04, 221.9, 0.04, -999, 0.00, -999, 0.00, -999, 0.00, -999, 0.00, 27.41, 1.00, 27.37, 1.00, 27.31, 1.00, 27.44, 1.00, 36.0293, 1.00, 23.3679, 1.00, 27.26, 0.88, 35.9281, 0.88, 23.3823, 0.88
2010-12-01 00:00:00,2010-12-01 10:00:00, -999, 0.00, -999, 0.00, -999, 0.00, -999, 0.00, -999, 0.00, -999, 0.00, 1.402e+06, 0.00,  1.03, 0.00, 13.4, 0.00, 217.0, 0.00, -999, 0.00, -999, 0.00, -999, 0.00, -999, 0.00, 28.17, 1.00, 28.16, 1.00, 28.13, 1.00, 28.16, 0.72, 35.9572, 0.72, 23.0786, 0.72, -999, 0.00, -999, 0.00, -999, 0.00
2011-01-01 00:00:00,2011-01-01 10:00:00, 0.052, 0.31, 0.051, 0.31, -0.007, 0.31, 0.033, 0.31, 0.085, 0.31, 0.123, 0.31, 1.223e+06, 0.31,  1.00, 0.31, 12.1, 0.31, 212.6, 0.31, 1.128e+06, 0.61,  0.95, 0.61, 12.0, 0.61, 10.463, 0.31, 27.85, 1.00, 27.84, 1.00, 27.81, 1.00, 27.79, 0.31, 36.0636, 0.31, 23.2817, 0.31, 27.69, 0.31, 36.0944, 0.31, 23.3675, 0.31
2011-02-01 00:00:00,2011-02-01 10:00:00, 0.021, 1.00, -0.002, 1.00, -0.003, 1.00, 0.035, 1.00, 0.056, 1.00, 0.094, 1.00, 1.543e+06, 1.00,  1.06, 1.00, 12.8, 1.00, 212.3, 1.00, 1.572e+06, 2.00,  1.05, 2.00, 12.4, 2.00, 10.481, 1.00, 27.71, 1.00, 27.68, 1.00, 27.66, 1.00, 27.74, 1.00, 36.1633, 1.00, 23.3713, 1.00, 27.67, 1.00, 36.1937, 1.00, 23.4507, 1.00
2011-03-01 00:00:00,2011-03-01 10:00:00, 0.004, 1.00, -0.020, 1.00, -0.003, 1.00, 0.044, 1.00, 0.056, 1.00, 0.110, 1.00, 2.025e+06, 1.00,  1.20, 1.00, 13.1, 1.00, 212.7, 1.00, 2.157e+06, 2.00,  1.24, 2.00, 12.8, 2.00, 10.506, 1.00, 27.87, 1.00, 27.85, 1.00, 27.82, 1.00, 27.90, 1.00, 36.2734, 1.00, 23.4037, 1.00, 27.83, 1.00, 36.3007, 1.00, 23.4770, 1.00
2011-04-01 00:00:00,2011-04-01 10:00:00, 0.024, 1.00, 0.007, 1.00, -0.002, 1.00, 0.070, 1.00, 0.074, 1.00, 0.142, 1.00, 3.267e+06, 1.00,  1.46, 1.00, 13.8, 1.00, 214.3, 1.00, 3.765e+06, 2.00,  1.55, 2.00, 13.3, 2.00, 10.520, 1.00, 28.02, 1.00, 28.00, 1.00, 27.99, 1.00, 28.03, 1.00, 36.2028, 1.00, 23.3073, 1.00, 27.99, 1.00, 36.2231, 1.00, 23.3668, 1.00
2011-05-01 00:00:00,2011-05-01 10:00:00, 0.012, 1.00, -0.025, 1.00, 0.002, 1.00, 0.068, 1.00, 0.053, 1.00, 0.116, 1.00, 3.703e+06, 1.00,  1.61, 1.00, 13.4, 1.00, 209.2, 1.00, 3.522e+06, 2.00,  1.60, 2.00, 12.6, 2.00, 10.470, 1.00, 27.50, 1.00, 27.49, 1.00, 27.48, 1.00, 27.51, 1.00, 36.2824, 1.00, 23.5383, 1.00, 27.48, 1.00, 36.2993, 1.00, 23.5894, 1.00
2011-06-01 00:00:00,2011-06-01 10:00:00, 0.061, 0.97, 0.041, 0.95, -0.000, 0.97, 0.076, 0.95, 0.088, 0.97, 0.143, 0.95, 4.997e+06, 0.95,  1.72, 0.95, 13.6, 0.95, 209.1, 0.95, 4.821e+06, 1.97,  1.68, 1.97, 12.8, 1.97, 10.438, 0.99, 26.88, 1.00, 26.88, 1.00, 26.87, 1.00, 26.89, 1.00, 36.2672, 1.00, 23.7259, 1.00, 26.88, 1.00, 36.2900, 1.00, 23.7789, 1.00
2011-07-01 00:00:00,2011-07-01 10:00:00, 0.005, 1.00, -0.032, 0.13, 0.003, 1.00, 0.055, 0.13, 0.056, 1.00, 0.094, 0.13, 5.012e+06, 1.00,  1.72, 1.00, 13.8, 1.00, 217.9, 1.00, 4.927e+06, 1.00,  1.76, 1.00, 12.9, 1.00, 10.489, 1.00, 26.52, 1.00, 26.51, 1.00, 26.51, 1.00, 26.52, 1.00, 36.3026, 1.00, 23.8688, 1.00, 26.51, 1.00, 36.3235, 1.00, 23.9214, 1.00
2011-08-01 00:00:00,2011-08-01 10:00:00, 0.003, 1.00, -0.037, 0.23, 0.003, 1.00, 0.061, 0.23, 0.046, 1.00, 0.097, 0.23, 4.531e+06, 1.00,  1.70, 1.00, 13.5, 1.00, 213.6, 1.00, 5.256e+06, 1.00,  1.80, 1.00, 12.9, 1.00, 10.503, 1.00, 26.32, 1.00, 26.31, 1.00, 26.29, 1.00, 26.33, 1.00, 36.3181, 1.00, 23.9407, 1.00, 26.30, 1.00, 36.3431, 1.00, 24.0032, 1.00
2011-09-01 00:00:00,2011-09-01 10:00:00, 0.036, 1.00, 0.010, 0.26, -0.001, 1.00, 0.047, 0.26, 0.060, 1.00, 0.099, 0.26, 2.742e+06, 1.00,  1.33, 1.00, 13.0, 1.00, 216.4, 1.00, 2.969e+06, 1.00,  1.36, 1.00, 12.5, 1.00, 10.494, 1.00, 26.38, 1.00, 26.37, 1.00, 26.35, 1.00, 26.40, 1.00, 36.3573, 1.00, 23.9495, 1.00, 26.31, 0.50, 36.3820, 0.50, 24.0281, 0.50
2011-10-01 00:00:00,2011-10-01 10:00:00, -0.036, 0.12, -0.050, 0.01, 0.004, 0.12, 0.092, 0.01, 0.049, 0.12, 0.112, 0.01, 8.542e+06, 0.11,  2.30, 0.11, 15.3, 0.11, 214.9, 0.11, 3.419e+06, 1.00,  1.53, 1.00, 12.2, 1.00, 10.515, 1.00, 26.44, 1.00, 26.43, 1.00, 26.41, 1.00, 26.46, 1.00, 36.3779, 1.00, 23.9471, 1.00, -999, 0.00, -999, 0.00, -999, 0.00
2011-11-01 00:00:00,2011-11-01 10:00:00, -999, 0.00, -999, 0.00, -999, 0.00, -999, 0.00, -999, 0.00, -999, 0.00, -999, 0.00, -999, 0.00, -999, 0.00, -999, 0.00, 1.664e+06, 1.00,  1.03, 1.00, 11.9, 1.00, 10.532, 1.00, 27.01, 1.00, 26.98, 1.00, 26.94, 1.00, 27.03, 1.00, 36.3102, 1.00, 23.7108, 1.00, -999, 0.00, -999, 0.00, -999, 0.00
2011-12-01 00:00:00,2011-12-01 10:00:00, -999, 0.00, -999, 0.00, -999, 0.00, -999, 0.00, -999, 0.00, -999, 0.00, 4.524e+06, 0.00,  1.85, 0.00, 13.4, 0.00, 215.0, 0.00, 9.415e+05, 1.00,  0.86, 1.00, 11.7, 1.00, 10.515, 1.00, 27.73, 1.00, 27.70, 1.00, 27.64, 1.00, 27.26, 0.05, 36.3433, 0.05, 23.6649, 0.05, -999, 0.00, -999, 0.00, -999, 0.00
2012-01-01 00:00:00,2012-01-01 10:00:00, 0.066, 0.24, 0.084, 0.03, -0.008, 0.24, 0.034, 0.03, 0.078, 0.24, 0.108, 0.03, 1.198e+06, 0.24,  0.98, 0.24, 12.1, 0.24, 216.8, 0.24, 1.328e+06, 0.99,  1.03, 0.99, 11.5, 0.99, 10.549, 0.99, 27.81, 1.00, 27.78, 1.00, 27.73, 1.00, 28.30, 0.24, 36.1096, 0.24, 23.1493, 0.24, 28.13, 0.24, 36.0316, 0.24, 23.1772, 0.24
2012-02-01 00:00:00,2012-02-01 10:00:00, 0.030, 1.04, 0.030, 0.14, -0.006, 1.04, 0.033, 0.14, 0.070, 1.04, 0.128, 0.14, 1.753e+06, 1.04,  1.17, 1.04, 11.6, 1.04, 219.7, 1.04, 1.876e+06, 0.76,  1.19, 0.76, 11.4, 0.76, 10.572, 0.76, 28.59, 1.04, 28.54, 1.04, 28.45, 1.04, 28.63, 1.04, 36.1477, 1.04, 23.0671, 1.04, 28.51, 1.04, 36.0748, 1.04, 23.0843, 1.04
2012-03-01 00:00:00,2012-03-01 10:00:00, 0.033, 1.00, 0.015, 0.09, -0.007, 1.00, 0.048, 0.09, 0.084, 1.00, 0.120, 0.09, 2.377e+06, 1.00,  1.29, 1.00, 13.0, 1.00, 208.1, 1.00, -999, 0.00, -999, 0.00, -999, 0.00, -999, 0.00, 28.93, 1.00, 28.91, 1.00, 28.85, 1.00, 28.96, 1.00, 36.1750, 1.00, 22.9768, 1.00, 28.88, 1.00, 36.0977, 1.00, 22.9763, 1.00
2012-04-01 00:00:00,2012-04-01 10:00:00, 0.006, 1.00, 0.013, 0.03, -0.003, 1.00, 0.034, 0.03, 0.073, 1.00, 0.105, 0.03, 2.657e+06, 1.00,  1.37, 1.00, 12.9, 1.00, 208.0, 1.00, -999, 0.00, -999, 0.00, -999, 0.00, -999, 0.00, 28.84, 1.00, 28.82, 1.00, 28.78, 1.00, 28.86, 1.00, 36.1731, 1.00, 23.0083, 1.00, 28.80, 1.00, 36.0820, 1.00, 22.9917, 1.00
2012-05-01 00:00:00,2012-05-01 10:00:00, 0.017, 1.00, 0.096, 0.01, -0.004, 1.00, 0.043, 0.01, 0.079, 1.00, 0.122, 0.01, 2.599e+06, 1.00,  1.34, 1.00, 13.2, 1.00, 214.8, 1.00, -999, 0.00, -999, 0.00, -999, 0.00, -999, 0.00, 28.20, 1.00, 28.18, 1.00, 28.16, 1.00, 28.22, 1.00, 36.1337, 1.00, 23.1928, 1.00, 28.17, 1.00, 36.0348, 1.00, 23.1665, 1.00
2012-06-01 00:00:00,2012-06-01 10:00:00, 0.022, 1.00, -0.056, 0.00, -0.003, 1.00, 0.025, 0.00, 0.073, 1.00, 0.061, 0.00, 3.581e+06, 1.00,  1.58, 1.00, 13.1, 1.00, 215.5, 1.00, -999, 0.00, -999, 0.00, -999, 0.00, -999, 0.00, 27.50, 1.00, 27.49, 1.00, 27.48, 1.00, 27.51, 1.00, 36.2544, 1.00, 23.5164, 1.00, 27.49, 1.00, 36.1520, 1.00, 23.4765, 1.00
2012-07-01 00:00:00,2012-07-01 10:00:00, 0.018, 0.90, -0.029, 0.30, -0.003, 0.90, 0.068, 0.30, 0.070, 0.90, 0.131, 0.30, 3.377e+06, 0.90,  1.54, 0.90, 12.8, 0.90, 213.4, 0.90, 2.967e+06, 0.30,  1.55, 0.30, 12.3, 0.30, 10.478, 0.30, 26.82, 1.00, 26.81, 1.00, 26.79, 1.00, 26.83, 1.00, 36.2009, 1.00, 23.6941, 1.00, 26.80, 1.00, 36.1646, 1.00, 23.7077, 1.00
2012-08-01 00:00:00,2012-08-01 10:00:00, 0.004, 1.00, -0.040, 1.00, -0.002, 1.00, 0.057, 1.00, 0.057, 1.00, 0.113, 1.00, 2.314e+06, 0.98,  1.34, 0.98, 12.0, 0.98, 209.9, 0.98, 1.852e+06, 1.00,  1.22, 1.00, 11.3, 1.00, 10.462, 1.00, 26.32, 1.00, 26.31, 1.00, 26.30, 1.00, 26.33, 1.00, 36.2541, 1.00, 23.8944, 1.00, 26.31, 1.00, 36.2475, 1.00, 23.9271, 1.00
2012-09-01 00:00:00,2012-09-01 10:00:00, 0.027, 0.98, -0.007, 0.98, -0.004, 0.98, 0.065, 0.98, 0.071, 0.98, 0.132, 0.98, 4.002e+06, 0.95,  1.69, 0.95, 13.3, 0.95, 213.6, 0.95, 3.698e+06, 1.00,  1.62, 1.00, 12.5, 1.00, 10.444, 1.00, 26.15, 1.00, 26.13, 1.00, 26.11, 1.00, 26.17, 1.00, 36.3182, 1.00, 23.9911, 1.00, 26.12, 1.00, 36.3176, 1.00, 24.0391, 1.00
2012-10-01 00:00:00,2012-10-01 10:00:00, 0.028, 0.99, -0.004, 0.99, -0.008, 0.99, 0.060, 0.99, 0.069, 0.99, 0.122, 0.99, 2.715e+06, 0.97,  1.36, 0.97, 13.2, 0.97, 212.7, 0.97, 2.576e+06, 1.00,  1.33, 1.00, 12.6, 1.00, 10.444, 1.00, 26.63, 1.00, 26.60, 1.00, 26.57, 1.00, 26.66, 1.00, 36.2538, 1.00, 23.7864, 1.00, 26.58, 1.00, 36.2658, 1.00, 23.8525, 1.00
2012-11-01 00:00:00,2012-11-01 10:00:00, 0.048, 1.00, 0.044, 1.00, -0.009, 1.00, 0.047, 1.00, 0.084, 1.00, 0.132, 1.00, 1.499e+06, 1.00,  1.05, 1.00, 12.4, 1.00, 215.2, 1.00, 1.615e+06, 1.00,  1.09, 1.00, 12.1, 1.00, 10.462, 1.00, 27.96, 1.00, 27.90, 1.00, 27.85, 1.00, 28.02, 1.00, 36.1668, 1.00, 23.2827, 1.00, 27.88, 1.00, 36.1864, 1.00, 23.3762, 1.00
2012-12-01 00:00:00,2012-12-01 10:00:00, 0.045, 1.00, 0.051, 1.00, -0.011, 1.00, 0.064, 1.00, 0.095, 1.00, 0.149, 1.00, 2.302e+06, 1.00,  1.36, 1.00, 11.3, 1.00, 211.6, 1.00, 2.313e+06, 1.00,  1.35, 1.00, 11.1, 1.00, 10.470, 1.00, 28.22, 1.00, 28.19, 1.00, 28.14, 1.00, 28.25, 1.00, 35.9348, 1.00, 23.0325, 1.00, 28.17, 1.00, 35.9803, 1.00, 23.1255, 1.00
2013-01-01 00:00:00,2013-01-01 10:00:00, 0.019, 1.00, 0.023, 0.78, -0.006, 1.00, 0.025, 0.78, 0.078, 1.00, 0.127, 0.78, 1.243e+06, 0.99,  1.03, 0.99, 11.0, 0.99, 213.8, 0.99, 1.064e+06, 0.99,  0.95, 0.99, 10.7, 0.99, 10.515, 0.99, 28.17, 1.00, 28.16, 1.00, 28.14, 1.00, 28.17, 1.00, 35.6784, 1.00, 22.8652, 1.00, 28.15, 1.00, 35.6961, 1.00, 22.9193, 1.00
2013-02-01 00:00:00,2013-02-01 10:00:00, 0.016, 1.00, -0.010, 0.25, -0.004, 1.00, 0.051, 0.25, 0.070, 1.00, 0.120, 0.25, 2.478e+06, 1.00,  1.40, 1.00, 12.0, 1.00, 222.9, 1.00, 2.231e+06, 1.00,  1.34, 1.00, 11.4, 1.00, 10.530, 1.00, 28.28, 1.00, 28.26, 1.00, 28.21, 1.00, 28.30, 1.00, 35.7194, 1.00, 22.8540, 1.00, 28.23, 1.00, 35.7150, 1.00, 22.9053, 1.00
2013-03-01 00:00:00,2013-03-01 10:00:00, 0.023, 1.00, 0.016, 0.29, -0.008, 1.00, 0.041, 0.29, 0.081, 1.00, 0.128, 0.29, 1.949e+06, 1.00,  1.16, 1.00, 13.4, 1.00, 215.1, 1.00, 2.055e+06, 1.00,  1.17, 1.00, 12.9, 1.00, 10.521, 1.00, 28.41, 1.00, 28.38, 1.00, 28.32, 1.00, 28.44, 1.00, 35.7643, 1.00, 22.8402, 1.00, 28.35, 1.00, 35.7537, 1.00, 22.8972, 1.00
2013-04-01 00:00:00,2013-04-01 10:00:00, 0.039, 1.00, 0.086, 0.32, -0.010, 1.00, 0.041, 0.32, 0.098, 1.00, 0.156, 0.32, 2.227e+06, 1.00,  1.24, 1.00, 13.3, 1.00, 216.1, 1.00, 2.171e+06, 1.00,  1.25, 1.00, 12.3, 1.00, 10.548, 1.00, 28.78, 1.00, 28.77, 1.00, 28.73, 1.00, 28.80, 1.00, 35.6810, 1.00, 22.6601, 1.00, 28.75, 1.00, 35.6848, 1.00, 22.7130, 1.00
2013-05-01 00:00:00,2013-05-01 10:00:00, 0.020, 1.00, 0.061, 0.24, -0.001, 1.00, 0.053, 0.24, 0.090, 1.00, 0.132, 0.24, 5.059e+06, 1.00,  1.75, 1.00, 13.7, 1.00, 216.3, 1.00, 5.362e+06, 1.00,  1.77, 1.00, 12.7, 1.00, 10.519, 1.00, 28.39, 1.00, 28.39, 1.00, 28.37, 1.00, 28.40, 1.00, 35.6145, 1.00, 22.7423, 1.00, 28.38, 1.00, 35.6212, 1.00, 22.7867, 1.00
2013-06-01 00:00:00,2013-06-01 10:00:00, 0.051, 1.00, 0.087, 0.15, -0.008, 1.00, 0.065, 0.15, 0.107, 1.00, 0.170, 0.15, 5.242e+06, 1.00,  1.81, 1.00, 13.6, 1.00, 216.0, 1.00, 5.694e+06, 1.00,  1.85, 1.00, 12.7, 1.00, 10.470, 1.00, 27.29, 1.00, 27.29, 1.00, 27.27, 1.00, 27.30, 1.00, 35.8407, 1.00, 23.2713, 1.00, 27.27, 1.00, 35.8307, 1.00, 23.3048, 1.00
2013-07-01 00:00:00,2013-07-01 10:00:00, 0.020, 0.88, -0.046, 0.06, -0.000, 0.88, 0.050, 0.06, 0.078, 0.88, 0.110, 0.06, 4.232e+06, 0.87,  1.71, 0.87, 13.5, 0.87, 211.3, 0.87, 4.507e+06, 0.95,  1.82, 0.95, 12.2, 0.95, 10.468, 0.95, 26.47, 1.00, 26.46, 1.00, 26.46, 1.00, 26.47, 1.00, 35.9858, 1.00, 23.6461, 1.00, 26.46, 1.00, 35.9595, 1.00, 23.6616, 1.00
2013-08-01 00:00:00,2013-08-01 10:00:00, 0.042, 1.00, -999, 0.00, -0.009, 1.00, -999, 0.00, 0.080, 1.00, -999, 0.00, 1.657e+06, 1.00,  1.09, 1.00, 12.2, 1.00, 211.3, 1.00, 2.107e+06, 1.00,  1.28, 1.00, 11.1, 1.00, 10.455, 1.00, 25.73, 1.00, 25.70, 1.00, 25.68, 1.00, 25.75, 1.00, 36.0269, 1.00, 23.9027, 1.00, 25.70, 1.00, 36.0137, 1.00, 23.9422, 1.00
2013-09-01 00:00:00,2013-09-01 10:00:00, 0.059, 1.00, -999, 0.00, -0.010, 1.00, -999, 0.00, 0.091, 1.00, -999, 0.00, 1.949e+06, 1.00,  1.19, 1.00, 13.1, 1.00, 212.3, 1.00, 2.499e+06, 1.00,  1.42, 1.00, 11.8, 1.00, 10.445, 1.00, 25.87, 1.00, 25.80, 1.00, 25.73, 1.00, 25.91, 1.00, 36.1199, 1.00, 23.9233, 1.00, 25.79, 1.00, 36.1079, 1.00, 23.9840, 1.00
2013-10-01 00:00:00,2013-10-01 10:00:00, 0.024, 1.00, -999, 0.00, -0.006, 1.00, -999, 0.00, 0.067, 1.00, -999, 0.00, 1.545e+06, 1.00,  1.03, 1.00, 13.7, 1.00, 216.3, 1.00, 1.870e+06, 1.00,  1.22, 1.00, 12.2, 1.00, 10.464, 1.00, 26.49, 1.00, 26.44, 1.00, 26.40, 1.00, 26.52, 1.00, 36.0855, 1.00, 23.7041, 1.00, 26.44, 1.00, 36.0755, 1.00, 23.7567, 1.00
2013-11-01 00:00:00,2013-11-01 10:00:00, 0.030, 1.00, -999, 0.00, -0.006, 1.00, -999, 0.00, 0.086, 1.00, -999, 0.00, 9.880e+05, 1.00,  0.86, 1.00, 12.0, 1.00, 211.5, 1.00, 1.292e+06, 1.00,  1.03, 1.00, 10.7, 1.00, 10.476, 1.00, 26.77, 1.00, 26.70, 1.00, 26.65, 1.00, 26.81, 1.00, 36.1204, 1.00, 23.6389, 1.00, 26.69, 1.00, 36.1064, 1.00, 23.6980, 1.00
2013-12-01 00:00:00,2013-12-01 10:00:00, 0.059, 1.00, -999, 0.00, -0.009, 1.00, -999, 0.00, 0.092, 1.00, -999, 0.00, 7.723e+05, 1.00,  0.72, 1.00, 12.2, 1.00, 216.6, 1.00, 1.015e+06, 1.00,  0.87, 1.00, 11.3, 1.00, 10.448, 1.00, 27.66, 1.00, 27.57, 1.00, 27.48, 1.00, 27.72, 1.00, 36.1299, 1.00, 23.3523, 1.00, 27.56, 1.00, 36.1097, 1.00, 23.4201, 1.00
2014-01-01 00:00:00,2014-01-01 10:00:00, 0.068, 1.00, -999, 0.00, -0.010, 1.00, -999, 0.00, 0.098, 1.00, -999, 0.00, 8.514e+05, 1.00,  0.78, 1.00, 12.3, 1.00, 217.8, 1.00, 1.175e+06, 1.00,  0.95, 1.00, 11.3, 1.00, 10.462, 1.00, 28.42, 1.00, 28.35, 1.00, 28.27, 1.00, 28.47, 1.00, 36.0451, 1.00, 23.0439, 1.00, 28.35, 1.00, 36.0013, 1.00, 23.0823, 1.00
2014-02-01 00:00:00,2014-02-01 10:00:00, 0.052, 1.00, 0.100, 0.47, -0.004, 1.00, 0.020, 0.47, 0.102, 1.00, 0.168, 0.47, 8.374e+05, 0.99,  0.77, 0.99, 12.6, 0.99, 213.9, 0.99, 9.475e+05, 0.99,  0.80, 0.99, 12.2, 0.99, 10.491, 0.98, 28.31, 1.00, 28.28, 1.00, 28.23, 1.00, 28.33, 1.00, 35.7097, 1.00, 22.8372, 1.00, 28.28, 1.00, 35.7905, 1.00, 22.9476, 1.00
2014-03-01 00:00:00,2014-03-01 10:00:00, 0.019, 1.00, 0.039, 0.75, 0.001, 1.00, 0.043, 0.75, 0.068, 1.00, 0.121, 0.75, 2.154e+06, 1.00,  1.22, 1.00, 12.6, 1.00, 214.4, 1.00, 2.206e+06, 1.00,  1.23, 1.00, 12.3, 1.00, 10.570, 1.00, 28.58, 1.00, 28.57, 1.00, 28.56, 1.00, 28.60, 1.00, 35.4043, 1.00, 22.5193, 1.00, 28.57, 1.00, 35.4896, 1.00, 22.6262, 1.00
2014-04-01 00:00:00,2014-04-01 10:00:00, 0.041, 1.00, 0.046, 0.63, -0.002, 1.00, 0.044, 0.63, 0.086, 1.00, 0.130, 0.63, 1.934e+06, 1.00,  1.24, 1.00, 12.4, 1.00, 205.1, 1.00, 1.655e+06, 1.00,  1.15, 1.00, 12.0, 1.00, 10.513, 1.00, 28.39, 1.00, 28.38, 1.00, 28.37, 1.00, 28.41, 1.00, 35.5098, 1.00, 22.6618, 1.00, 28.37, 1.00, 35.6237, 1.00, 22.7905, 1.00
2014-05-01 00:00:00,2014-05-01 10:00:00, 0.013, 1.00, 0.002, 0.68, 0.000, 1.00, 0.058, 0.68, 0.071, 1.00, 0.126, 0.68, 2.881e+06, 1.00,  1.39, 1.00, 12.9, 1.00, 213.7, 1.00, 3.112e+06, 1.00,  1.42, 1.00, 12.6, 1.00, 10.500, 1.00, 27.95, 1.00, 27.94, 1.00, 27.93, 1.00, 27.96, 1.00, 35.5370, 1.00, 22.8292, 1.00, 27.94, 1.00, 35.6166, 1.00, 22.9286, 1.00
2014-06-01 00:00:00,2014-06-01 10:00:00, 0.078, 1.00, 0.100, 0.66, -0.001, 1.00, 0.058, 0.66, 0.100, 1.00, 0.153, 0.66, 2.256e+06, 0.99,  1.28, 0.99, 12.7, 0.99, 208.6, 0.99, 2.225e+06, 0.99,  1.26, 0.99, 12.1, 0.99, 10.492, 0.99, 27.24, 1.00, 27.24, 1.00, 27.23, 1.00, 27.25, 1.00, 35.5985, 1.00, 23.1073, 1.00, 27.24, 1.00, 35.6842, 1.00, 23.2065, 1.00
2014-07-01 00:00:00,2014-07-01 10:00:00, 0.014, 0.99, 0.004, 0.99, 0.001, 0.99, 0.073, 0.99, 0.062, 0.99, 0.129, 0.99, 3.698e+06, 0.97,  1.59, 0.97, 12.7, 0.97, 219.5, 0.97, 3.699e+06, 1.00,  1.60, 1.00, 12.3, 1.00, 10.473, 1.00, 26.83, 1.00, 26.81, 1.00, 26.79, 0.53, 26.83, 1.00, 35.6443, 1.00, 23.2735, 1.00, 26.81, 1.00, 35.7022, 1.00, 23.3561, 1.00
2014-08-01 00:00:00,2014-08-01 10:00:00, -0.002, 0.97, -0.032, 0.97, 0.003, 0.97, 0.082, 0.97, 0.069, 0.97, 0.145, 0.97, 5.046e+06, 0.94,  1.84, 0.94, 13.5, 0.94, 215.3, 0.94, 5.009e+06, 1.00,  1.84, 1.00, 13.0, 1.00, 10.499, 1.00, 26.87, 1.00, 26.87, 1.00, -999, 0.00, 26.88, 1.00, 35.7268, 1.00, 23.3217, 1.00, 26.87, 1.00, 35.7786, 1.00, 23.3970, 1.00
2014-09-01 00:00:00,2014-09-01 10:00:00, 0.015, 0.49, -0.020, 0.49, -0.002, 0.49, 0.064, 0.49, 0.086, 0.49, 0.157, 0.49, 4.863e+06, 0.49,  1.70, 0.49, 13.1, 0.49, 213.4, 0.49, 4.394e+06, 1.00,  1.54, 1.00, 12.5, 1.00, 10.515, 1.00, 27.06, 1.00, 27.04, 1.00, -999, 0.00, 27.07, 1.00, 35.7366, 1.00, 23.2678, 1.00, 27.04, 1.00, 35.7955, 1.00, 23.3540, 1.00
2014-10-01 00:00:00,2014-10-01 10:00:00, -999, 0.00, -999, 0.00, -999, 0.00, -999, 0.00, -999, 0.00, -999, 0.00, -999, 0.00, -999, 0.00, -999, 0.00, -999, 0.00, 2.390e+06, 1.00,  1.34, 1.00, 12.2, 1.00, 10.492, 1.00, 27.13, 1.00, 27.10, 1.00, -999, 0.00, 27.15, 1.00, 35.8076, 1.00, 23.2956, 1.00, 27.10, 1.00, 35.7958, 1.00, 23.3344, 1.00
2014-11-01 00:00:00,2014-11-01 10:00:00, -999, 0.00, -999, 0.00, -999, 0.00, -999, 0.00, -999, 0.00, -999, 0.00, -999, 0.00, -999, 0.00, -999, 0.00, -999, 0.00, 1.208e+06, 1.00,  0.99, 1.00, 11.0, 1.00, 10.439, 1.00, 27.68, 1.00, 27.64, 1.00, -999, 0.00, 27.71, 1.00, 35.7727, 1.00, 23.0867, 1.00, 27.64, 1.00, 35.8215, 1.00, 23.1798, 1.00
2014-12-01 00:00:00,2014-12-01 10:00:00, -999, 0.00, -999, 0.00, -999, 0.00, -999, 0.00, -999, 0.00, -999, 0.00, 1.675e+06, 0.00,  1.21, 0.00, 11.6, 0.00, 180.0, 0.00, 1.918e+06, 1.00,  1.18, 1.00, 11.1, 1.00, 10.476, 1.00, 28.19, 1.00, 28.13, 1.00, -999, 0.00, 28.22, 1.00, 35.5866, 1.00, 22.7821, 1.00, 28.13, 1.00, 35.6594, 1.00, 22.8970, 1.00
2015-01-01 00:00:00,2015-01-01 10:00:00, 0.008, 0.28, 0.074, 0.01, -0.009, 0.28, 0.028, 0.01, 0.098, 0.28, 0.131, 0.01, 1.134e+06, 0.28,  0.93, 0.28, 12.7, 0.28, 226.2, 0.28, 1.245e+06, 0.99,  1.02, 0.99, 11.2, 0.99, 10.519, 0.99, 28.94, 1.00, 28.87, 1.00, 28.60, 0.28, 28.98, 1.00, 35.2566, 1.00, 22.2819, 1.00, 28.87, 1.00, 35.3565, 1.00, 22.4250, 1.00
2015-02-01 00:00:00,2015-02-01 10:00:00, 0.012, 1.00, 0.056, 0.27, -0.002, 1.00, 0.027, 0.27, 0.086, 1.00, 0.126, 0.27, 1.493e+06, 1.00,  1.04, 1.00, 13.3, 1.00, 219.6, 1.00, 1.610e+06, 1.00,  1.09, 1.00, 12.7, 1.00, 10.568, 1.00, 28.91, 1.00, 28.88, 1.00, 28.87, 1.00, 28.93, 1.00, 35.3537, 1.00, 22.3718, 1.00, 28.88, 1.00, 35.4269, 1.00, 22.4744, 1.00
2015-03-01 00:00:00,2015-03-01 10:00:00, 0.003, 1.00, 0.042, 0.33, -0.001, 1.00, 0.039, 0.33, 0.066, 1.00, 0.115, 0.33, 2.254e+06, 1.00,  1.24, 1.00, 13.1, 1.00, 221.2, 1.00, 2.333e+06, 1.00,  1.29, 1.00, 12.4, 1.00, 10.584, 1.00, 29.06, 1.00, 29.03, 1.00, 29.01, 1.00, 29.08, 1.00, 35.5936, 1.00, 22.4996, 1.00, 29.03, 1.00, 35.6589, 1.00, 22.5981, 1.00
2015-04-01 00:00:00,2015-04-01 10:00:00, 0.013, 1.00, 0.067, 0.33, -0.001, 1.00, 0.063, 0.33, 0.072, 1.00, 0.135, 0.33, 2.831e+06, 1.00,  1.39, 1.00, 13.8, 1.00, 216.7, 1.00, 3.140e+06, 1.00,  1.49, 1.00, 12.9, 1.00, 10.584, 1.00, 29.05, 1.00, 29.03, 1.00, 29.02, 1.00, 29.06, 1.00, 35.6986, 1.00, 22.5858, 1.00, 29.03, 1.00, 35.7550, 1.00, 22.6718, 1.00
2015-05-01 00:00:00,2015-05-01 10:00:00, -0.008, 1.00, 0.043, 0.27, 0.005, 1.00, 0.081, 0.27, 0.071, 1.00, 0.143, 0.27, 6.579e+06, 0.99,  2.00, 0.99, 14.0, 0.99, 217.0, 0.99, 7.128e+06, 1.00,  2.12, 1.00, 13.1, 1.00, 10.583, 1.00, 28.57, 1.00, 28.57, 1.00, 28.57, 1.00, 28.58, 1.00, 35.7955, 1.00, 22.8206, 1.00, 28.57, 1.00, 35.8505, 1.00, 22.8963, 1.00
2015-06-01 00:00:00,2015-06-01 10:00:00, 0.029, 1.00, 0.076, 0.27, 0.006, 1.00, 0.065, 0.27, 0.073, 1.00, 0.136, 0.27, 3.961e+06, 1.00,  1.64, 1.00, 13.4, 1.00, 214.7, 1.00, 3.925e+06, 1.00,  1.69, 1.00, 12.5, 1.00, 10.573, 1.00, 28.00, 1.00, 28.00, 1.00, 28.00, 1.00, 28.01, 1.00, 35.7402, 1.00, 22.9665, 1.00, 28.00, 1.00, 35.7730, 1.00, 23.0252, 1.00
2015-07-01 00:00:00,2015-07-01 10:00:00, 0.010, 1.00, -0.044, 0.06, 0.006, 1.00, 0.078, 0.06, 0.068, 1.00, 0.120, 0.06, 3.840e+06, 0.98,  1.44, 0.98, 13.9, 0.98, 216.3, 0.98, 4.850e+06, 0.98,  1.71, 0.98, 12.6, 0.98, 10.580, 0.98, 27.34, 1.00, 27.34, 1.00, 27.34, 1.00, 27.34, 1.00, 35.8780, 1.00, 23.2870, 1.00, 27.34, 1.00, 36.0335, 1.00, 23.4367, 1.00
2015-08-01 00:00:00,2015-08-01 10:00:00, -0.009, 1.00, -999, 0.00, 0.005, 1.00, -999, 0.00, 0.054, 1.00, -999, 0.00, 2.007e+06, 1.00,  1.19, 1.00, 12.9, 1.00, 211.4, 1.00, 2.818e+06, 1.00,  1.47, 1.00, 11.8, 1.00, 10.572, 1.00, 26.66, 1.00, 26.65, 1.00, 26.68, 0.90, 26.67, 1.00, 35.9518, 1.00, 23.5586, 1.00, 26.65, 1.00, 36.1515, 1.00, 23.7458, 1.00
2015-09-01 00:00:00,2015-09-01 10:00:00, -0.011, 1.00, -999, 0.00, 0.001, 1.00, -999, 0.00, 0.068, 1.00, -999, 0.00, 2.640e+06, 1.00,  1.23, 1.00, 13.6, 1.00, 215.6, 1.00, 3.581e+06, 1.00,  1.51, 1.00, 12.1, 1.00, 10.559, 1.00, 26.29, 1.00, 26.27, 1.00, -999, 0.00, 26.30, 1.00, 36.0110, 1.00, 23.7182, 1.00, 26.27, 1.00, 36.2141, 1.00, 23.9145, 1.00
2015-10-01 00:00:00,2015-10-01 10:00:00, 0.012, 1.00, -999, 0.00, 0.000, 1.00, -999, 0.00, 0.068, 1.00, -999, 0.00, 3.658e+06, 1.00,  1.49, 1.00, 14.9, 1.00, 214.8, 1.00, 4.671e+06, 1.00,  1.76, 1.00, 13.7, 1.00, 10.521, 1.00, 26.28, 1.00, 26.24, 1.00, -999, 0.00, 26.30, 1.00, 36.1262, 1.00, 23.8070, 1.00, 26.23, 1.00, 36.3249, 1.00, 24.0103, 1.00
2015-11-01 00:00:00,2015-11-01 10:00:00, 0.035, 1.00, -999, 0.00, -0.004, 1.00, -999, 0.00, 0.067, 1.00, -999, 0.00, 1.956e+06, 0.99,  1.09, 0.99, 13.9, 0.99, 214.0, 0.99, 2.639e+06, 1.00,  1.34, 1.00, 12.5, 1.00, 10.531, 1.00, 27.58, 1.00, 27.53, 1.00, -999, 0.00, 27.60, 1.00, 36.2284, 1.00, 23.4648, 1.00, 27.52, 1.00, 36.4353, 1.00, 23.6794, 1.00
2015-12-01 00:00:00,2015-12-01 10:00:00, 0.039, 0.54, -999, 0.00, -0.006, 0.54, -999, 0.00, 0.068, 0.54, -999, 0.00, 1.059e+06, 0.56,  0.88, 0.56, 12.2, 0.56, 216.8, 0.56, 1.722e+06, 1.00,  1.12, 1.00, 11.3, 1.00, 10.564, 1.00, 27.97, 1.00, 27.91, 1.00, -999, 0.00, 28.00, 1.00, 36.1697, 1.00, 23.2906, 1.00, 27.90, 1.00, 36.3845, 1.00, 23.5181, 1.00
2016-01-01 00:00:00,2016-01-01 10:00:00, 0.073, 0.24, 0.050, 0.24, -0.007, 0.24, 0.037, 0.24, 0.101, 0.24, 0.135, 0.24, 1.179e+06, 0.24,  1.16, 0.24,  8.4, 0.24, 188.4, 0.24, 2.445e+06, 0.75,  1.34, 0.75, 11.4, 0.75, 10.537, 0.75, 28.40, 1.00, 28.35, 1.00, 28.30, 0.24, 28.43, 1.00, 36.1882, 1.00, 23.1653, 1.00, 28.38, 0.70, 36.2872, 0.70, 23.2884, 0.70
2016-02-01 00:00:00,2016-02-01 10:00:00, 0.055, 1.04, 0.088, 1.04, -0.004, 1.04, 0.044, 1.04, 0.093, 1.04, 0.146, 1.04, 2.085e+06, 1.04,  1.28, 1.04, 12.2, 1.04, 216.4, 1.04, -999, 0.00, -999, 0.00, -999, 0.00, -999, 0.00, 28.75, 0.40, 28.71, 0.40, 28.51, 0.11, 28.80, 0.41, 36.2627, 0.41, 23.0968, 0.41, 28.68, 1.04, 36.0748, 1.04, 23.0454, 1.04
2016-03-01 00:00:00,2016-03-01 10:00:00, 0.035, 1.00, 0.028, 1.00, -0.008, 1.00, 0.070, 1.00, 0.079, 1.00, 0.143, 1.00, 3.031e+06, 1.00,  1.46, 1.00, 13.3, 1.00, 213.5, 1.00, -999, 0.00, -999, 0.00, -999, 0.00, -999, 0.00, -999, 0.00, -999, 0.00, -999, 0.00, -999, 0.00, -999, 0.00, -999, 0.00, 28.87, 1.00, 35.9275, 1.00, 22.8853, 1.00
2016-04-01 00:00:00,2016-04-01 10:00:00, 0.009, 1.00, -0.009, 1.00, -0.005, 1.00, 0.066, 1.00, 0.082, 1.00, 0.156, 1.00, 3.401e+06, 1.00,  1.56, 1.00, 13.1, 1.00, 213.8, 1.00, -999, 0.00, -999, 0.00, -999, 0.00, -999, 0.00, -999, 0.00, -999, 0.00, -999, 0.00, -999, 0.00, -999, 0.00, -999, 0.00, 29.38, 0.72, 35.9197, 0.72, 22.7072, 0.72
2016-05-01 00:00:00,2016-05-01 10:00:00, 0.042, 1.00, 0.013, 1.00, -0.005, 1.00, 0.064, 1.00, 0.085, 1.00, 0.150, 1.00, 3.464e+06, 1.00,  1.55, 1.00, 13.0, 1.00, 216.2, 1.00, -999, 0.00, -999, 0.00, -999, 0.00, -999, 0.00, -999, 0.00, -999, 0.00, -999, 0.00, -999, 0.00, -999, 0.00, -999, 0.00, -999, 0.00, -999, 0.00, -999, 0.00
2016-06-01 00:00:00,2016-06-01 10:00:00, 0.042, 1.00, 0.020, 1.00, -0.001, 1.00, 0.076, 1.00, 0.101, 1.00, 0.179, 1.00, 7.087e+06, 1.00,  2.05, 1.00, 14.0, 1.00, 212.9, 1.00, -999, 0.00, -999, 0.00, -999, 0.00, -999, 0.00, -999, 0.00, -999, 0.00, -999, 0.00, -999, 0.00, -999, 0.00, -999, 0.00, -999, 0.00, -999, 0.00, -999, 0.00
2016-07-01 00:00:00,2016-07-01 10:00:00, 0.028, 1.00, 0.014, 0.85, -0.001, 1.00, 0.066, 0.85, 0.077, 1.00, 0.143, 0.85, 3.922e+06, 0.98,  1.60, 0.98, 13.7, 0.98, 217.1, 0.98, 4.079e+06, 0.14,  1.70, 0.14, 13.1, 0.14, 10.500, 0.14, -999, 0.00, -999, 0.00, 26.87, 0.05, -999, 0.00, -999, 0.00, -999, 0.00, -999, 0.00, -999, 0.00, -999, 0.00
2016-08-01 00:00:00,2016-08-01 10:00:00, 0.010, 1.00, -999, 0.00, -0.000, 1.00, -999, 0.00, 0.056, 1.00, -999, 0.00, 2.111e+06, 1.00,  1.27, 1.00, 12.7, 1.00, 209.5, 1.00, 2.150e+06, 1.00,  1.30, 1.00, 12.0, 1.00, 10.516, 1.00, -999, 0.00, -999, 0.00, 26.86, 1.00, -999, 0.00, -999, 0.00, -999, 0.00, -999, 0.00, -999, 0.00, -999, 0.00
2016-09-01 00:00:00,2016-09-01 10:00:00, 0.085, 1.00, -999, 0.00, -0.002, 1.00, -999, 0.00, 0.096, 1.00, -999, 0.00, 2.554e+06, 1.00,  1.24, 1.00, 14.2, 1.00, 212.1, 1.00, 2.810e+06, 1.00,  1.31, 1.00, 13.5, 1.00, 10.536, 1.00, -999, 0.00, -999, 0.00, 27.01, 1.00, -999, 0.00, -999, 0.00, -999, 0.00, -999, 0.00, -999, 0.00, -999, 0.00
2016-10-01 00:00:00,2016-10-01 10:00:00, 0.047, 1.00, -999, 0.00, -0.003, 1.00, -999, 0.00, 0.072, 1.00, -999, 0.00, 1.824e+06, 1.00,  1.15, 1.00, 12.6, 1.00, 211.3, 1.00, 1.809e+06, 1.00,  1.18, 1.00, 11.6, 1.00, 10.566, 1.00, -999, 0.00, -999, 0.00, 27.65, 1.00, -999, 0.00, -999, 0.00, -999, 0.00, -999, 0.00, -999, 0.00, -999, 0.00
2016-11-01 00:00:00,2016-11-01 10:00:00, 0.060, 1.00, -999, 0.00, -0.003, 1.00, -999, 0.00, 0.089, 1.00, -999, 0.00, 1.715e+06, 1.00,  1.07, 1.00, 12.2, 1.00, 208.0, 1.00, 1.689e+06, 1.00,  1.07, 1.00, 11.5, 1.00, 10.565, 1.00, -999, 0.00, -999, 0.00, 28.12, 1.00, -999, 0.00, -999, 0.00, -999, 0.00, -999, 0.00, -999, 0.00, -999, 0.00
2016-12-01 00:00:00,2016-12-01 10:00:00, 0.027, 1.00, -999, 0.00, -0.005, 1.00, -999, 0.00, 0.081, 1.00, -999, 0.00, 1.422e+06, 1.00,  0.95, 1.00, 12.7, 1.00, 216.1, 1.00, 1.399e+06, 1.00,  0.98, 1.00, 11.8, 1.00, 10.548, 1.00, -999, 0.00, -999, 0.00, 28.64, 1.00, -999, 0.00, -999, 0.00, -999, 0.00, -999, 0.00, -999, 0.00, -999, 0.00
2017-01-01 00:00:00,2017-01-01 10:00:00, 0.008, 0.24, -999, 0.00, -0.007, 0.24, -999, 0.00, 0.073, 0.24, -999, 0.00, 1.690e+06, 0.23,  1.03, 0.23, 13.0, 0.23, 214.5, 0.23, 1.084e+06, 0.99,  0.89, 0.99, 11.5, 0.99, 10.549, 0.99, -999, 0.00, -999, 0.00, 28.85, 1.00, 28.91, 0.76, 35.7834, 0.76, 22.7072, 0.76, 28.83, 0.76, 35.8259, 0.76, 22.8005, 0.76
2017-02-01 00:00:00,2017-02-01 10:00:00, -999, 0.00, -999, 0.00, -999, 0.00, -999, 0.00, -999, 0.00, -999, 0.00, -999, 0.00, -999, 0.00, -999, 0.00, -999, 0.00, 1.049e+06, 1.00,  0.95, 1.00, 11.0, 1.00, 10.517, 1.00, -999, 0.00, -999, 0.00, 28.85, 1.00, 28.95, 1.00, 35.7905, 1.00, 22.6999, 1.00, 28.87, 1.00, 35.8329, 1.00, 22.7907, 1.00
2017-03-01 00:00:00,2017-03-01 10:00:00, -999, 0.00, -999, 0.00, -999, 0.00, -999, 0.00, -999, 0.00, -999, 0.00, -999, 0.00, -999, 0.00, -999, 0.00, -999, 0.00, 2.254e+06, 1.00,  1.24, 1.00, 12.8, 1.00, 10.525, 1.00, -999, 0.00, -999, 0.00, 29.23, 1.00, 29.28, 1.00, 35.8368, 1.00, 22.6258, 1.00, 29.24, 1.00, 35.8447, 1.00, 22.6771, 1.00
2017-04-01 00:00:00,2017-04-01 10:00:00, -999, 0.00, -999, 0.00, -999, 0.00, -999, 0.00, -999, 0.00, -999, 0.00, -999, 0.00, -999, 0.00, -999, 0.00, -999, 0.00, 3.411e+06, 1.00,  1.52, 1.00, 13.2, 1.00, 10.559, 1.00, -999, 0.00, -999, 0.00, 28.89, 1.00, 28.91, 1.00, 35.8066, 1.00, 22.7254, 1.00, 28.89, 1.00, 35.8085, 1.00, 22.7663, 1.00
2017-05-01 00:00:00,2017-05-01 10:00:00, -999, 0.00, -999, 0.00, -999, 0.00, -999, 0.00, -999, 0.00, -999, 0.00, -999, 0.00, -999, 0.00, -999, 0.00, -999, 0.00, 3.547e+06, 1.00,  1.59, 1.00, 12.4, 1.00, 10.516, 1.00, -999, 0.00, -999, 0.00, 28.39, 1.00, 28.40, 1.00, 35.9113, 1.00, 22.9744, 1.00, 28.39, 1.00, 35.9169, 1.00, 23.0155, 1.00
2017-06-01 00:00:00,2017-06-01 10:00:00, -999, 0.00, -999, 0.00, -999, 0.00, -999, 0.00, -999, 0.00, -999, 0.00, -999, 0.00, -999, 0.00, -999, 0.00, -999, 0.00, 3.456e+06, 1.00,  1.50, 1.00, 12.9, 1.00, 10.496, 1.00, -999, 0.00, -999, 0.00, 27.83, 1.00, 27.84, 1.00, 35.9199, 1.00, 23.1637, 1.00, 27.83, 1.00, 35.9237, 1.00, 23.2036, 1.00
2017-07-01 00:00:00,2017-07-01 10:00:00, -999, 0.00, -999, 0.00, -999, 0.00, -999, 0.00, -999, 0.00, -999, 0.00, -999, 0.00, -999, 0.00, -999, 0.00, -999, 0.00, 2.137e+06, 0.98,  1.25, 0.98, 11.9, 0.98, 10.508, 0.98, 27.46, 0.44, -999, 0.00, 27.55, 0.73, 27.62, 0.53, 36.0399, 0.53, 23.3273, 0.53, 27.54, 1.00, 36.0290, 1.00, 23.3795, 1.00
2017-08-01 00:00:00,2017-08-01 10:00:00, 0.025, 0.82, -999, 0.00, -0.001, 0.82, -999, 0.00, 0.091, 0.82, -999, 0.00, 3.586e+06, 0.82,  1.60, 0.82, 12.2, 0.82, 207.2, 0.82, 2.718e+06, 1.00,  1.44, 1.00, 11.3, 1.00, 10.487, 1.00, 26.98, 1.00, -999, 0.00, 27.03, 1.00, -999, 0.00, -999, 0.00, -999, 0.00, 26.98, 1.00, 36.1562, 1.00, 23.6544, 1.00
2017-09-01 00:00:00,2017-09-01 10:00:00, 0.011, 1.00, -999, 0.00, -0.003, 1.00, -999, 0.00, 0.064, 1.00, -999, 0.00, 1.574e+06, 1.00,  1.12, 1.00, 12.0, 1.00, 212.3, 1.00, 1.242e+06, 0.87,  1.01, 0.87, 11.4, 0.87, 10.484, 0.87, 26.60, 1.00, -999, 0.00, 26.69, 1.00, -999, 0.00, -999, 0.00, -999, 0.00, 26.57, 1.00, 36.2596, 1.00, 23.8630, 1.00
2017-10-01 00:00:00,2017-10-01 10:00:00, 0.109, 1.00, -999, 0.00, -0.010, 1.00, -999, 0.00, 0.116, 1.00, -999, 0.00, 2.920e+06, 1.00,  1.41, 1.00, 13.0, 1.00, 212.8, 1.00, -999, 0.00, -999, 0.00, -999, 0.00, -999, 0.00, 26.44, 1.00, -999, 0.00, 26.49, 1.00, -999, 0.00, -999, 0.00, -999, 0.00, 26.41, 1.00, 36.3285, 1.00, 23.9649, 1.00
2017-11-01 00:00:00,2017-11-01 10:00:00, 0.028, 1.00, -999, 0.00, -0.008, 1.00, -999, 0.00, 0.065, 1.00, -999, 0.00, 1.955e+06, 1.00,  1.20, 1.00, 12.8, 1.00, 212.9, 1.00, -999, 0.00, -999, 0.00, -999, 0.00, -999, 0.00, 27.65, 1.00, -999, 0.00, 27.69, 1.00, -999, 0.00, -999, 0.00, -999, 0.00, 27.60, 1.00, 36.2197, 1.00, 23.5026, 1.00
2017-12-01 00:00:00,2017-12-01 10:00:00, 0.014, 1.00, -999, 0.00, -0.007, 1.00, -999, 0.00, 0.089, 1.00, -999, 0.00, 1.525e+06, 1.00,  1.05, 1.00, 12.1, 1.00, 216.9, 1.00, -999, 0.00, -999, 0.00, -999, 0.00, -999, 0.00, 28.46, 1.00, 29.16, 0.01, 28.46, 1.00, -999, 0.00, -999, 0.00, -999, 0.00, 28.37, 1.00, 36.1421, 1.00, 23.1909, 1.00
2018-01-01 00:00:00,2018-01-01 10:00:00, 0.040, 1.00, 0.058, 0.47, -0.005, 1.00, 0.038, 0.47, 0.075, 1.00, 0.107, 0.47, 1.358e+06, 0.99,  1.04, 0.99, 12.1, 0.99, 212.0, 0.99, 1.273e+06, 0.46,  0.98, 0.46, 12.4, 0.46, 10.554, 0.46, 28.95, 1.00, 28.94, 1.00, 28.88, 1.00, 28.96, 0.47, 35.9792, 0.47, 22.8393, 0.47, 28.92, 1.00, 35.9583, 1.00, 22.8715, 1.00
2018-02-01 00:00:00,2018-02-01 10:00:00, 0.038, 1.00, 0.065, 1.00, -0.006, 1.00, 0.028, 1.00, 0.095, 1.00, 0.157, 1.00, 1.533e+06, 1.00,  1.09, 1.00, 11.5, 1.00, 228.6, 1.00, 1.256e+06, 1.00,  0.99, 1.00, 11.2, 1.00, 10.556, 1.00, 28.27, 1.00, 28.26, 1.00, 28.23, 1.00, 28.27, 1.00, 35.8548, 1.00, 22.9733, 1.00, 28.25, 1.00, 35.8660, 1.00, 23.0235, 1.00
2018-03-01 00:00:00,2018-03-01 10:00:00, 0.068, 1.00, 0.096, 1.00, -0.006, 1.00, 0.037, 1.00, 0.093, 1.00, 0.146, 1.00, 1.373e+06, 1.00,  1.02, 1.00, 12.7, 1.00, 213.3, 1.00, 1.386e+06, 1.00,  1.03, 1.00, 12.3, 1.00, 10.575, 1.00, 28.54, 1.00, 28.53, 1.00, 28.49, 1.00, 28.55, 1.00, 35.9427, 1.00, 22.9476, 1.00, 28.51, 1.00, 35.9130, 1.00, 22.9738, 1.00
2018-04-01 00:00:00,2018-04-01 10:00:00, 0.027, 1.00, 0.036, 1.00, -0.005, 1.00, 0.050, 1.00, 0.073, 1.00, 0.132, 1.00, 1.952e+06, 1.00,  1.19, 1.00, 12.9, 1.00, 216.0, 1.00, 1.977e+06, 1.00,  1.20, 1.00, 12.4, 1.00, 10.537, 1.00, 28.74, 1.00, 28.73, 1.00, 28.71, 1.00, 28.75, 1.00, 35.8862, 1.00, 22.8402, 1.00, 28.72, 1.00, 35.8505, 1.00, 22.8570, 1.00
2018-05-01 00:00:00,2018-05-01 10:00:00, -0.001, 1.00, -0.026, 1.00, 0.001, 1.00, 0.055, 1.00, 0.068, 1.00, 0.129, 1.00, 2.723e+06, 1.00,  1.32, 1.00, 13.9, 1.00, 215.4, 1.00, 2.721e+06, 1.00,  1.34, 1.00, 13.2, 1.00, 10.537, 1.00, 28.38, 1.00, 28.38, 1.00, 28.38, 1.00, 28.39, 1.00, 35.9281, 1.00, 22.9919, 1.00, 28.38, 1.00, 35.8954, 1.00, 23.0028, 1.00
2018-06-01 00:00:00,2018-06-01 10:00:00, 0.009, 1.00, -0.028, 1.00, 0.002, 1.00, 0.074, 1.00, 0.074, 1.00, 0.150, 1.00, 4.409e+06, 1.00,  1.66, 1.00, 12.9, 1.00, 208.5, 1.00, 4.499e+06, 1.00,  1.65, 1.00, 12.5, 1.00, 10.519, 1.00, 27.71, 1.00, 27.71, 1.00, 27.71, 1.00, 27.71, 1.00, 36.0273, 1.00, 23.2890, 1.00, 27.70, 1.00, 35.9980, 1.00, 23.3013, 1.00
2018-07-01 00:00:00,2018-07-01 10:00:00, -0.015, 0.63, -0.100, 0.18, 0.006, 0.63, 0.093, 0.18, 0.057, 0.63, 0.157, 0.18, 5.010e+06, 0.62,  1.79, 0.62, 13.5, 0.62, 209.9, 0.62, 4.110e+06, 0.97,  1.65, 0.97, 12.7, 0.97, 10.463, 0.97, 27.18, 0.99, 27.18, 1.00, 27.18, 1.00, 27.18, 1.00, 36.2363, 1.00, 23.6163, 1.00, 27.18, 1.00, 36.2303, 1.00, 23.6476, 1.00
2018-08-01 00:00:00,2018-08-01 10:00:00, -999, 0.00, -999, 0.00, -999, 0.00, -999, 0.00, -999, 0.00, -999, 0.00, -999, 0.00, -999, 0.00, -999, 0.00, -999, 0.00, 2.620e+06, 1.00,  1.36, 1.00, 11.5, 1.00, 10.444, 1.00, 26.73, 1.00, 26.72, 1.00, 26.71, 1.00, 26.74, 1.00, 36.2148, 1.00, 23.7435, 1.00, 26.71, 1.00, 36.2103, 1.00, 23.7805, 1.00
2018-09-01 00:00:00,2018-09-01 10:00:00, -999, 0.00, -999, 0.00, -999, 0.00, -999, 0.00, -999, 0.00, -999, 0.00, -999, 0.00, -999, 0.00, -999, 0.00, -999, 0.00, 3.696e+06, 1.00,  1.69, 1.00, 12.1, 1.00, 10.406, 1.00, 26.61, 1.00, 26.60, 1.00, 26.59, 1.00, 26.24, 0.13, 36.2401, 0.13, 23.9185, 0.13, 26.59, 1.00, 36.2740, 1.00, 23.8663, 1.00
2018-10-01 00:00:00,2018-10-01 10:00:00, -999, 0.00, -999, 0.00, -999, 0.00, -999, 0.00, -999, 0.00, -999, 0.00, -999, 0.00, -999, 0.00, -999, 0.00, -999, 0.00, 5.138e+06, 1.00,  1.82, 1.00, 12.9, 1.00, 10.395, 1.00, 26.81, 1.00, 26.79, 1.00, 26.75, 1.00, -999, 0.00, -999, 0.00, -999, 0.00, 26.55, 0.37, 36.3452, 0.37, 23.9340, 0.37
2018-11-01 00:00:00,2018-11-01 10:00:00, -999, 0.00, -999, 0.00, -999, 0.00, -999, 0.00, -999, 0.00, -999, 0.00, -999, 0.00, -999, 0.00, -999, 0.00, -999, 0.00, 1.450e+06, 1.00,  1.05, 1.00, 11.9, 1.00, 10.375, 1.00, 27.74, 1.00, 27.69, 1.00, 27.60, 1.00, -999, 0.00, -999, 0.00, -999, 0.00, -999, 0.00, -999, 0.00, -999, 0.00
2018-12-01 00:00:00,2018-12-01 10:00:00, -999, 0.00, -999, 0.00, -999, 0.00, -999, 0.00, -999, 0.00, -999, 0.00, 2.012e+06, 0.00,  1.17, 0.00, 14.9, 0.00, 192.0, 0.00, 1.246e+06, 1.00,  1.00, 1.00, 11.3, 1.00, 10.417, 1.00, 29.03, 1.00, 29.00, 1.00, 28.92, 1.00, -999, 0.00, -999, 0.00, -999, 0.00, -999, 0.00, -999, 0.00, -999, 0.00
2019-01-01 00:00:00,2019-01-01 10:00:00, 0.073, 0.47, -999, 0.00, -0.008, 0.47, -999, 0.00, 0.095, 0.47, -999, 0.00, 7.508e+05, 0.47,  0.75, 0.47, 12.9, 0.47, 221.1, 0.47, 1.136e+06, 0.99,  0.92, 0.99, 12.2, 0.99, 10.467, 0.99, 29.08, 1.00, 29.06, 1.00, 29.03, 1.00, 29.11, 0.47, 36.1568, 0.47, 22.9220, 0.47, 29.05, 0.47, 36.0159, 0.47, 22.8688, 0.47
2019-02-01 00:00:00,2019-02-01 10:00:00, 0.025, 0.37, -999, 0.00, -0.005, 0.37, -999, 0.00, 0.079, 0.37, -999, 0.00, 1.554e+06, 0.34,  1.06, 0.34, 13.4, 0.34, 215.1, 0.34, 1.403e+06, 1.00,  1.08, 1.00, 11.3, 1.00, 10.521, 1.00, 29.08, 1.00, 29.06, 1.00, 29.03, 1.00, 29.10, 1.00, 36.1139, 1.00, 22.8948, 1.00, 29.05, 1.00, 35.9645, 1.00, 22.8324, 1.00
2019-03-01 00:00:00,2019-03-01 10:00:00, -999, 0.00, -999, 0.00, -999, 0.00, -999, 0.00, -999, 0.00, -999, 0.00, -999, 0.00, -999, 0.00, -999, 0.00, -999, 0.00, 2.581e+06, 1.00,  1.38, 1.00, 12.0, 1.00, 10.539, 1.00, 29.40, 1.00, 29.38, 1.00, 29.33, 1.00, 29.42, 1.00, 36.0014, 1.00, 22.7004, 1.00, 29.36, 1.00, 35.8583, 1.00, 22.6480, 1.00
2019-04-01 00:00:00,2019-04-01 10:00:00, -999, 0.00, -999, 0.00, -999, 0.00, -999, 0.00, -999, 0.00, -999, 0.00, -999, 0.00, -999, 0.00, -999, 0.00, -999, 0.00, 2.523e+06, 1.00,  1.38, 1.00, 11.9, 1.00, 10.554, 1.00, 29.82, 1.00, 29.80, 1.00, 29.78, 1.00, 29.83, 1.00, 36.1311, 1.00, 22.6603, 1.00, 29.79, 1.00, 35.9915, 1.00, 22.5992, 1.00
2019-05-01 00:00:00,2019-05-01 10:00:00, -999, 0.00, -999, 0.00, -999, 0.00, -999, 0.00, -999, 0.00, -999, 0.00, -999, 0.00, -999, 0.00, -999, 0.00, -999, 0.00, 5.448e+06, 1.00,  1.86, 1.00, 13.0, 1.00, 10.526, 1.00, 28.73, 1.00, 28.73, 1.00, 28.73, 1.00, 28.73, 1.00, 36.1300, 1.00, 23.0284, 1.00, 28.73, 1.00, 36.0084, 1.00, 22.9717, 1.00
2019-06-01 00:00:00,2019-06-01 10:00:00, -999, 0.00, -999, 0.00, -999, 0.00, -999, 0.00, -999, 0.00, -999, 0.00, -999, 0.00, -999, 0.00, -999, 0.00, -999, 0.00, 4.134e+06, 1.00,  1.56, 1.00, 12.2, 1.00, 10.508, 1.00, 28.04, 1.00, 28.04, 1.00, 28.04, 1.00, 28.05, 1.00, 36.1215, 1.00, 23.2490, 1.00, 28.04, 1.00, 36.0008, 1.00, 23.1926, 1.00
2019-07-01 00:00:00,2019-07-01 10:00:00, 0.007, 0.53, -0.036, 0.27, -0.002, 0.53, 0.039, 0.27, 0.071, 0.53, 0.116, 0.27, 2.437e+06, 0.53,  1.40, 0.53, 12.3, 0.53, 206.6, 0.53, 5.532e+06, 0.67,  1.91, 0.67, 12.1, 0.67, 10.456, 0.67, 26.64, 0.99, 26.63, 1.00, 26.63, 1.00, 26.78, 0.46, 36.3027, 0.46, 23.7944, 0.46, 26.63, 1.00, 36.2295, 1.00, 23.8208, 1.00
2019-08-01 00:00:00,2019-08-01 10:00:00, 0.044, 1.00, 0.037, 0.54, -0.002, 1.00, 0.067, 0.54, 0.065, 1.00, 0.115, 0.54, 3.776e+06, 1.00,  1.55, 1.00, 13.3, 1.00, 218.9, 1.00, 4.092e+06, 1.00,  1.61, 1.00, 12.7, 1.00, 10.461, 1.00, 26.64, 1.00, 26.63, 1.00, 26.61, 1.00, -999, 0.00, -999, 0.00, -999, 0.00, 26.62, 1.00, 36.3314, 1.00, 23.9017, 1.00
2019-09-01 00:00:00,2019-09-01 10:00:00, -0.009, 1.00, -0.086, 0.48, 0.002, 1.00, 0.071, 0.48, 0.055, 1.00, 0.148, 0.48, 5.529e+06, 1.00,  1.90, 1.00, 13.9, 1.00, 218.2, 1.00, 5.204e+06, 1.00,  1.89, 1.00, 13.1, 1.00, 10.462, 1.00, 26.49, 1.00, 26.48, 1.00, 26.46, 1.00, -999, 0.00, -999, 0.00, -999, 0.00, 26.47, 1.00, 36.4024, 1.00, 24.0025, 1.00
2019-10-01 00:00:00,2019-10-01 10:00:00, 0.029, 1.00, -0.033, 0.29, -0.005, 1.00, 0.046, 0.29, 0.067, 1.00, 0.126, 0.29, 2.769e+06, 1.00,  1.39, 1.00, 12.9, 1.00, 215.9, 1.00, 2.229e+06, 1.00,  1.30, 1.00, 11.8, 1.00, 10.415, 1.00, 26.31, 1.00, 26.27, 1.00, 26.20, 1.00, -999, 0.00, -999, 0.00, -999, 0.00, 26.23, 1.00, 36.3622, 1.00, 24.0453, 1.00
2019-11-01 00:00:00,2019-11-01 10:00:00, 0.008, 1.00, -0.031, 0.38, -0.004, 1.00, 0.037, 0.38, 0.063, 1.00, 0.114, 0.38, 2.419e+06, 1.00,  1.21, 1.00, 12.6, 1.00, 214.7, 1.00, 2.301e+06, 1.00,  1.15, 1.00, 11.7, 1.00, 10.473, 1.00, 27.67, 1.00, 27.65, 1.00, 27.61, 1.00, -999, 0.00, -999, 0.00, -999, 0.00, 27.63, 1.00, 36.5359, 1.00, 23.7306, 1.00
2019-12-01 00:00:00,2019-12-01 10:00:00, 0.046, 1.00, -0.006, 0.23, -0.006, 1.00, 0.031, 0.23, 0.088, 1.00, 0.112, 0.23, 1.196e+06, 1.00,  1.04, 1.00, 10.5, 1.00, 203.4, 1.00, 8.371e+05, 1.00,  0.88, 1.00,  9.9, 1.00, 10.440, 1.00, 27.79, 1.00, 27.76, 1.00, 27.70, 1.00, -999, 0.00, -999, 0.00, -999, 0.00, 27.74, 1.00, 36.3928, 1.00, 23.5871, 1.00
2020-01-01 00:00:00,2020-01-01 10:00:00, 0.041, 1.00, 0.023, 0.58, -0.007, 1.00, 0.043, 0.58, 0.079, 1.00, 0.116, 0.58, 1.932e+06, 1.00,  1.19, 1.00, 12.7, 1.00, 220.0, 1.00, 1.821e+06, 0.99,  1.18, 0.99, 12.0, 0.99, 10.374, 0.99, 27.72, 0.43, 27.69, 0.43, 27.63, 0.43, 28.39, 0.57, 36.0429, 0.57, 23.0770, 0.57, 28.03, 1.00, 36.1122, 1.00, 23.2804, 1.00
2020-02-01 00:00:00,2020-02-01 10:00:00, 0.012, 0.33, 0.000, 0.33, -0.007, 0.33, 0.033, 0.33, 0.083, 0.33, 0.137, 0.33, 1.704e+06, 0.33,  1.10, 0.33, 13.5, 0.33, 217.4, 0.33, 2.233e+06, 1.04,  1.24, 1.04, 12.6, 1.04, 10.439, 1.04, -999, 0.00, -999, 0.00, -999, 0.00, 28.82, 1.04, 35.9040, 1.04, 22.8320, 1.04, 28.77, 1.04, 35.8795, 1.04, 22.8608, 1.04
2020-03-01 00:00:00,2020-03-01 10:00:00, -999, 0.00, -999, 0.00, -999, 0.00, -999, 0.00, -999, 0.00, -999, 0.00, -999, 0.00, -999, 0.00, -999, 0.00, -999, 0.00, 1.120e+06, 0.58,  0.93, 0.58, 12.0, 0.58, 10.469, 0.59, -999, 0.00, -999, 0.00, -999, 0.00, 29.40, 1.00, 35.7443, 1.00, 22.5143, 1.00, 29.34, 1.00, 35.7278, 1.00, 22.5557, 1.00
2020-04-01 00:00:00,2020-04-01 10:00:00, -999, 0.00, -999, 0.00, -999, 0.00, -999, 0.00, -999, 0.00, -999, 0.00, -999, 0.00, -999, 0.00, -999, 0.00, -999, 0.00, -999, 0.00, -999, 0.00, -999, 0.00, -999, 0.00, -999, 0.00, -999, 0.00, -999, 0.00, 29.51, 1.00, 35.9387, 1.00, 22.6242, 1.00, 29.45, 1.00, 35.8655, 1.00, 22.6216, 1.00
2020-05-01 00:00:00,2020-05-01 10:00:00, -999, 0.00, -999, 0.00, -999, 0.00, -999, 0.00, -999, 0.00, -999, 0.00, -999, 0.00, -999, 0.00, -999, 0.00, -999, 0.00, -999, 0.00, -999, 0.00, -999, 0.00, -999, 0.00, -999, 0.00, -999, 0.00, -999, 0.00, 28.82, 1.00, 35.9441, 1.00, 22.8596, 1.00, 28.81, 1.00, 35.8531, 1.00, 22.8276, 1.00
2020-06-01 00:00:00,2020-06-01 10:00:00, -999, 0.00, -999, 0.00, -999, 0.00, -999, 0.00, -999, 0.00, -999, 0.00, -999, 0.00, -999, 0.00, -999, 0.00, -999, 0.00, -999, 0.00, -999, 0.00, -999, 0.00, -999, 0.00, -999, 0.00, -999, 0.00, -999, 0.00, 28.11, 1.00, 35.9158, 1.00, 23.0741, 1.00, 28.11, 1.00, 35.8096, 1.00, 23.0255, 1.00
2020-07-01 00:00:00,2020-07-01 10:00:00, -999, 0.00, -999, 0.00, -999, 0.00, -999, 0.00, -999, 0.00, -999, 0.00, -999, 0.00, -999, 0.00, -999, 0.00, -999, 0.00, -999, 0.00, -999, 0.00, -999, 0.00, -999, 0.00, -999, 0.00, -999, 0.00, -999, 0.00, 27.20, 0.92, 36.1069, 0.92, 23.5165, 0.92, 27.17, 1.00, 35.9886, 1.00, 23.4665, 1.00
2020-08-01 00:00:00,2020-08-01 10:00:00, -999, 0.00, -999, 0.00, -999, 0.00, -999, 0.00, -999, 0.00, -999, 0.00, -999, 0.00, -999, 0.00, -999, 0.00, -999, 0.00, -999, 0.00, -999, 0.00, -999, 0.00, -999, 0.00, -999, 0.00, -999, 0.00, -999, 0.00, -999, 0.00, -999, 0.00, -999, 0.00, 26.85, 0.69, 35.9986, 0.69, 23.5782, 0.69
2020-09-01 00:00:00,2020-09-01 10:00:00, -999, 0.00, -999, 0.00, -999, 0.00, -999, 0.00, -999, 0.00, -999, 0.00, -999, 0.00, -999, 0.00, -999, 0.00, -999, 0.00, 3.095e+06, 0.55,  1.44, 0.55, 12.6, 0.55, 10.474, 0.55, -999, 0.00, -999, 0.00, -999, 0.00, -999, 0.00, -999, 0.00, -999, 0.00, -999, 0.00, -999, 0.00, -999, 0.00
2020-10-01 00:00:00,2020-10-01 10:00:00, 0.014, 0.63, -0.012, 0.41, -0.002, 0.63, 0.039, 0.41, 0.060, 0.63, 0.099, 0.41, 1.558e+06, 0.63,  1.09, 0.63, 12.3, 0.63, 212.4, 0.63, 2.172e+06, 1.00,  1.30, 1.00, 12.0, 1.00, 10.485, 1.00, -999, 0.00, -999, 0.00, -999, 0.00, -999, 0.00, -999, 0.00, -999, 0.00, 27.31, 0.63, 36.1759, 0.63, 23.5641, 0.63
2020-11-01 00:00:00,2020-11-01 10:00:00, 0.050, 1.00, 0.053, 0.55, -0.007, 1.00, 0.039, 0.55, 0.072, 1.00, 0.116, 0.55, 1.481e+06, 1.00,  1.06, 1.00, 12.3, 1.00, 211.3, 1.00, 1.652e+06, 1.00,  1.13, 1.00, 11.9, 1.00, 10.453, 1.00, -999, 0.00, -999, 0.00, -999, 0.00, -999, 0.00, -999, 0.00, -999, 0.00, 27.70, 1.00, 36.0294, 1.00, 23.3265, 1.00
2020-12-01 00:00:00,2020-12-01 10:00:00, 0.007, 1.00, 0.010, 0.74, -0.004, 1.00, 0.028, 0.74, 0.080, 1.00, 0.128, 0.74, 1.290e+06, 1.00,  0.92, 1.00, 12.2, 1.00, 222.0, 1.00, 1.606e+06, 1.00,  0.99, 1.00, 11.8, 1.00, 10.482, 1.00, -999, 0.00, -999, 0.00, -999, 0.00, -999, 0.00, -999, 0.00, -999, 0.00, 28.05, 1.00, 36.0556, 1.00, 23.2308, 1.00
2021-01-01 00:00:00,2021-01-01 10:00:00, 0.049, 1.00, 0.075, 0.78, -0.004, 1.00, 0.021, 0.78, 0.081, 1.00, 0.128, 0.78, 8.750e+05, 1.00,  0.79, 1.00, 12.9, 1.00, 214.7, 1.00, 9.757e+05, 1.00,  0.81, 1.00, 12.6, 1.00, 10.482, 1.00, -999, 0.00, -999, 0.00, -999, 0.00, -999, 0.00, -999, 0.00, -999, 0.00, 28.15, 1.00, 36.1001, 1.00, 23.2314, 1.00
2021-02-01 00:00:00,2021-02-01 10:00:00, 0.017, 1.00, 0.036, 0.87, -0.003, 1.00, 0.037, 0.87, 0.055, 1.00, 0.102, 0.87, 1.569e+06, 1.00,  1.03, 1.00, 12.4, 1.00, 221.8, 1.00, 1.543e+06, 0.98,  1.04, 0.98, 12.1, 0.98, 10.588, 0.98, -999, 0.00, -999, 0.00, -999, 0.00, -999, 0.00, -999, 0.00, -999, 0.00, 28.43, 1.00, 36.0981, 1.00, 23.1391, 1.00
2021-03-01 00:00:00,2021-03-01 10:00:00, 0.013, 1.00, -0.001, 0.76, -0.002, 1.00, 0.061, 0.76, 0.066, 1.00, 0.137, 0.76, 3.266e+06, 1.00,  1.44, 1.00, 13.6, 1.00, 223.1, 1.00, 3.015e+06, 1.00,  1.40, 1.00, 12.8, 1.00, 10.615, 1.00, -999, 0.00, -999, 0.00, -999, 0.00, -999, 0.00, -999, 0.00, -999, 0.00, 28.82, 1.00, 36.0986, 1.00, 23.0074, 1.00
2021-04-01 00:00:00,2021-04-01 10:00:00, 0.004, 1.00, -0.026, 0.67, -0.001, 1.00, 0.055, 0.67, 0.059, 1.00, 0.121, 0.67, 2.536e+06, 1.00,  1.29, 1.00, 14.5, 1.00, 219.3, 1.00, 2.188e+06, 1.00,  1.23, 1.00, 13.6, 1.00, 10.581, 1.00, -999, 0.00, -999, 0.00, -999, 0.00, -999, 0.00, -999, 0.00, -999, 0.00, 28.74, 1.00, 36.2418, 1.00, 23.1427, 1.00
2021-05-01 00:00:00,2021-05-01 10:00:00, 0.022, 1.00, 0.018, 0.69, 0.004, 1.00, 0.079, 0.69, 0.061, 1.00, 0.126, 0.69, 4.153e+06, 1.00,  1.67, 1.00, 13.6, 1.00, 218.9, 1.00, 3.966e+06, 1.00,  1.65, 1.00, 12.9, 1.00, 10.575, 1.00, -999, 0.00, -999, 0.00, -999, 0.00, -999, 0.00, -999, 0.00, -999, 0.00, 28.49, 1.00, 36.1644, 1.00, 23.1685, 1.00
2021-06-01 00:00:00,2021-06-01 10:00:00, -0.019, 1.00, -0.073, 0.90, 0.006, 1.00, 0.071, 0.90, 0.056, 1.00, 0.136, 0.90, 4.061e+06, 1.00,  1.62, 1.00, 13.7, 1.00, 216.6, 1.00, 3.929e+06, 1.00,  1.62, 1.00, 12.9, 1.00, 10.587, 1.00, -999, 0.00, -999, 0.00, -999, 0.00, -999, 0.00, -999, 0.00, -999, 0.00, 27.91, 1.00, 36.3796, 1.00, 23.5212, 1.00
2021-07-01 00:00:00,2021-07-01 10:00:00, 0.046, 1.00, 0.031, 0.92, 0.000, 1.00, 0.060, 0.92, 0.065, 1.00, 0.110, 0.92, 2.751e+06, 1.00,  1.36, 1.00, 13.5, 1.00, 218.1, 1.00, 2.641e+06, 0.96,  1.34, 0.96, 12.9, 0.96, 10.563, 0.96, -999, 0.00, -999, 0.00, -999, 0.00, -999, 0.00, -999, 0.00, -999, 0.00, 27.28, 1.00, 35.0158, 1.00, 22.6981, 1.00
2021-08-01 00:00:00,2021-08-01 10:00:00, -0.003, 1.00, -0.030, 0.96, 0.003, 1.00, 0.068, 0.96, 0.048, 1.00, 0.116, 0.96, 4.119e+06, 1.00,  1.61, 1.00, 13.0, 1.00, 214.9, 1.00, 4.432e+06, 1.00,  1.65, 1.00, 12.4, 1.00, 10.851, 1.00, -999, 0.00, -999, 0.00, -999, 0.00, -999, 0.00, -999, 0.00, -999, 0.00, 26.88, 1.00, 35.0561, 1.00, 22.8600, 1.00
2021-09-01 00:00:00,2021-09-01 10:00:00, -0.007, 1.00, -0.044, 1.00, 0.003, 1.00, 0.060, 1.00, 0.044, 1.00, 0.111, 1.00, 2.969e+06, 1.00,  1.41, 1.00, 13.9, 1.00, 210.8, 1.00, 2.890e+06, 1.00,  1.43, 1.00, 13.1, 1.00, 11.476, 1.00, -999, 0.00, -999, 0.00, -999, 0.00, -999, 0.00, -999, 0.00, -999, 0.00, 26.84, 0.62, 36.4426, 0.62, 23.9168, 0.62
2021-10-01 00:00:00,2021-10-01 10:00:00, 0.010, 1.00, -0.002, 1.00, -0.001, 1.00, 0.057, 1.00, 0.061, 1.00, 0.123, 1.00, 2.692e+06, 1.00,  1.32, 1.00, 12.6, 1.00, 208.5, 1.00, 2.939e+06, 1.00,  1.35, 1.00, 12.2, 1.00, 11.271, 1.00, -999, 0.00, -999, 0.00, -999, 0.00, -999, 0.00, -999, 0.00, -999, 0.00, -999, 0.00, -999, 0.00, -999, 0.00
2021-11-01 00:00:00,2021-11-01 10:00:00, 0.039, 1.00, 0.014, 1.00, -0.003, 1.00, 0.049, 1.00, 0.070, 1.00, 0.122, 1.00, 1.802e+06, 1.00,  1.14, 1.00, 12.1, 1.00, 202.6, 1.00, 1.767e+06, 1.00,  1.09, 1.00, 11.6, 1.00, 10.683, 1.00, -999, 0.00, -999, 0.00, -999, 0.00, -999, 0.00, -999, 0.00, -999, 0.00, -999, 0.00, -999, 0.00, -999, 0.00
2021-12-01 00:00:00,2021-12-01 10:00:00, 0.079, 1.00, 0.090, 1.00, 0.001, 1.00, 0.045, 1.00, 0.087, 1.00, 0.126, 1.00, 1.521e+06, 1.01,  1.04, 1.01, 12.9, 1.01, 209.1, 1.01, 1.278e+06, 1.00,  0.99, 1.00, 12.0, 1.00, 10.529, 1.00, -999, 0.00, -999, 0.00, -999, 0.00, -999, 0.00, -999, 0.00, -999, 0.00, -999, 0.00, -999, 0.00, -999, 0.00
2022-01-01 00:00:00,2022-01-01 10:00:00, 0.011, 1.00, 0.022, 1.00, 0.000, 1.00, 0.034, 1.00, 0.063, 1.00, 0.107, 1.00, 1.446e+06, 1.00,  1.02, 1.00, 12.3, 1.00, 217.7, 1.00, 1.386e+06, 1.00,  1.00, 1.00, 11.8, 1.00, 10.542, 1.00, -999, 0.00, -999, 0.00, -999, 0.00, -999, 0.00, -999, 0.00, -999, 0.00, -999, 0.00, -999, 0.00, -999, 0.00
2022-02-01 00:00:00,2022-02-01 10:00:00, 0.041, 1.00, 0.051, 1.00, -0.000, 1.00, 0.042, 1.00, 0.063, 1.00, 0.108, 1.00, 1.689e+06, 1.00,  1.09, 1.00, 13.0, 1.00, 211.8, 1.00, 1.760e+06, 0.98,  1.10, 0.98, 12.5, 0.98, 10.586, 0.98, -999, 0.00, -999, 0.00, -999, 0.00, -999, 0.00, -999, 0.00, -999, 0.00, -999, 0.00, -999, 0.00, -999, 0.00
2022-03-01 00:00:00,2022-03-01 10:00:00, 0.019, 1.00, 0.009, 1.00, -0.003, 1.00, 0.046, 1.00, 0.055, 1.00, 0.107, 1.00, 1.769e+06, 1.00,  1.12, 1.00, 13.3, 1.00, 212.2, 1.00, 1.824e+06, 1.00,  1.15, 1.00, 12.7, 1.00, 10.596, 1.00, -999, 0.00, -999, 0.00, -999, 0.00, -999, 0.00, -999, 0.00, -999, 0.00, -999, 0.00, -999, 0.00, -999, 0.00
2022-04-01 00:00:00,2022-04-01 10:00:00, 0.030, 1.00, 0.015, 1.00, 0.005, 1.00, 0.072, 1.00, 0.062, 1.00, 0.124, 1.00, 4.085e+06, 1.00,  1.58, 1.00, 13.9, 1.00, 212.0, 1.00, 4.289e+06, 1.00,  1.63, 1.00, 13.3, 1.00, 10.601, 1.00, -999, 0.00, -999, 0.00, -999, 0.00, -999, 0.00, -999, 0.00, -999, 0.00, -999, 0.00, -999, 0.00, -999, 0.00
2022-05-01 00:00:00,2022-05-01 10:00:00, 0.004, 1.00, -0.011, 1.00, 0.004, 1.00, 0.078, 1.00, 0.058, 1.00, 0.131, 1.00, 5.014e+06, 1.00,  1.72, 1.00, 13.7, 1.00, 210.8, 1.00, 5.811e+06, 1.00,  1.83, 1.00, 13.3, 1.00, 10.581, 1.00, -999, 0.00, -999, 0.00, -999, 0.00, -999, 0.00, -999, 0.00, -999, 0.00, -999, 0.00, -999, 0.00, -999, 0.00
2022-06-01 00:00:00,2022-06-01 10:00:00, 0.030, 1.00, -0.004, 1.00, 0.001, 1.00, 0.066, 1.00, 0.070, 1.00, 0.130, 1.00, 3.695e+06, 1.00,  1.56, 1.00, 12.2, 1.00, 208.9, 1.00, 3.471e+06, 1.00,  1.48, 1.00, 11.7, 1.00, 10.527, 1.00, -999, 0.00, -999, 0.00, -999, 0.00, -999, 0.00, -999, 0.00, -999, 0.00, -999, 0.00, -999, 0.00, -999, 0.00
2022-07-01 00:00:00,2022-07-01 10:00:00, 0.002, 1.00, -0.044, 1.00, 0.005, 1.00, 0.074, 1.00, 0.063, 1.00, 0.142, 1.00, 6.507e+06, 1.00,  1.91, 1.00, 13.3, 1.00, 208.9, 1.00, 6.335e+06, 0.92,  1.84, 0.92, 12.5, 0.92, 10.535, 0.92, -999, 0.00, -999, 0.00, -999, 0.00, -999, 0.00, -999, 0.00, -999, 0.00, -999, 0.00, -999, 0.00, -999, 0.00
2022-08-01 00:00:00,2022-08-01 10:00:00, 0.022, 1.00, -0.016, 1.00, 0.000, 1.00, 0.057, 1.00, 0.058, 1.00, 0.110, 1.00, 2.959e+06, 1.00,  1.44, 1.00, 11.6, 1.00, 201.0, 1.00, 2.608e+06, 1.00,  1.34, 1.00, 11.3, 1.00, 10.477, 1.00, -999, 0.00, -999, 0.00, -999, 0.00, -999, 0.00, -999, 0.00, -999, 0.00, -999, 0.00, -999, 0.00, -999, 0.00
2022-09-01 00:00:00,2022-09-01 10:00:00, 0.030, 1.00, -0.003, 1.00, 0.002, 1.00, 0.067, 1.00, 0.059, 1.00, 0.115, 1.00, 3.071e+06, 1.00,  1.47, 1.00, 13.1, 1.00, 207.1, 1.00, 3.263e+06, 1.00,  1.49, 1.00, 12.5, 1.00, 10.493, 1.00, -999, 0.00, -999, 0.00, -999, 0.00, -999, 0.00, -999, 0.00, -999, 0.00, -999, 0.00, -999, 0.00, -999, 0.00
2022-10-01 00:00:00,2022-10-01 10:00:00, 0.001, 1.00, -0.052, 1.00, 0.001, 1.00, 0.075, 1.00, 0.043, 1.00, 0.126, 1.00, 3.855e+06, 1.00,  1.61, 1.00, 13.6, 1.00, 213.4, 1.00, 3.557e+06, 1.00,  1.59, 1.00, 12.8, 1.00, 10.475, 1.00, -999, 0.00, -999, 0.00, -999, 0.00, -999, 0.00, -999, 0.00, -999, 0.00, -999, 0.00, -999, 0.00, -999, 0.00
2022-11-01 00:00:00,2022-11-01 10:00:00, 0.029, 1.00, -0.016, 1.00, -0.006, 1.00, 0.054, 1.00, 0.070, 1.00, 0.132, 1.00, 1.966e+06, 1.00,  1.23, 1.00, 11.4, 1.00, 209.2, 1.00, 1.584e+06, 1.00,  1.09, 1.00, 10.9, 1.00, 10.427, 1.00, -999, 0.00, -999, 0.00, -999, 0.00, -999, 0.00, -999, 0.00, -999, 0.00, -999, 0.00, -999, 0.00, -999, 0.00
2022-12-01 00:00:00,2022-12-01 10:00:00, 0.014, 1.00, 0.001, 1.00, -0.003, 1.00, 0.030, 1.00, 0.064, 1.00, 0.103, 1.00, 1.220e+06, 1.00,  0.93, 1.00, 12.5, 1.00, 213.7, 1.00, 1.202e+06, 1.00,  0.92, 1.00, 12.1, 1.00, 10.478, 1.00, -999, 0.00, -999, 0.00, -999, 0.00, -999, 0.00, -999, 0.00, -999, 0.00, -999, 0.00, -999, 0.00, -999, 0.00
2023-01-01 00:00:00,2023-01-01 10:00:00, 0.019, 1.00, 0.045, 0.83, -0.004, 1.00, 0.045, 0.83, 0.071, 1.00, 0.123, 0.83, 1.749e+06, 1.00,  1.15, 1.00, 12.0, 1.00, 223.6, 1.00, 1.879e+06, 0.98,  1.16, 0.98, 11.8, 0.98, 10.526, 0.97, -999, 0.00, -999, 0.00, -999, 0.00, -999, 0.00, -999, 0.00, -999, 0.00, -999, 0.00, -999, 0.00, -999, 0.00
2023-02-01 00:00:00,2023-02-01 10:00:00, 0.065, 1.00, 0.082, 0.64, -0.007, 1.00, 0.030, 0.64, 0.094, 1.00, 0.141, 0.64, 1.218e+06, 1.00,  0.92, 1.00, 12.9, 1.00, 218.3, 1.00, 1.308e+06, 1.00,  0.95, 1.00, 12.5, 1.00, 10.567, 1.00, -999, 0.00, -999, 0.00, -999, 0.00, -999, 0.00, -999, 0.00, -999, 0.00, -999, 0.00, -999, 0.00, -999, 0.00
2023-03-01 00:00:00,2023-03-01 10:00:00, 0.006, 1.00, -0.004, 0.58, -0.003, 1.00, 0.046, 0.58, 0.075, 1.00, 0.126, 0.58, 1.903e+06, 1.00,  1.18, 1.00, 12.1, 1.00, 217.6, 1.00, 1.726e+06, 1.00,  1.17, 1.00, 11.6, 1.00, 10.556, 1.00, -999, 0.00, -999, 0.00, -999, 0.00, -999, 0.00, -999, 0.00, -999, 0.00, -999, 0.00, -999, 0.00, -999, 0.00
2023-04-01 00:00:00,2023-04-01 10:00:00, 0.033, 1.00, 0.026, 0.55, -0.002, 1.00, 0.056, 0.55, 0.081, 1.00, 0.140, 0.55, 3.261e+06, 1.00,  1.44, 1.00, 13.0, 1.00, 214.5, 1.00, 3.421e+06, 1.00,  1.47, 1.00, 12.3, 1.00, 10.560, 1.00, -999, 0.00, -999, 0.00, -999, 0.00, -999, 0.00, -999, 0.00, -999, 0.00, -999, 0.00, -999, 0.00, -999, 0.00
2023-05-01 00:00:00,2023-05-01 10:00:00, 0.005, 1.00, -0.035, 0.40, 0.001, 1.00, 0.069, 0.40, 0.070, 1.00, 0.145, 0.40, 3.553e+06, 1.00,  1.60, 1.00, 13.3, 1.00, 212.2, 1.00, 3.588e+06, 1.00,  1.65, 1.00, 12.3, 1.00, 10.541, 1.00, -999, 0.00, -999, 0.00, -999, 0.00, -999, 0.00, -999, 0.00, -999, 0.00, -999, 0.00, -999, 0.00, -999, 0.00
2023-06-01 00:00:00,2023-06-01 10:00:00, 0.013, 1.00, 0.020, 0.30, -0.001, 1.00, 0.035, 0.30, 0.064, 1.00, 0.096, 0.30, 2.244e+06, 1.00,  1.21, 1.00, 12.8, 1.00, 211.8, 1.00, 2.334e+06, 1.00,  1.26, 1.00, 12.4, 1.00, 10.510, 1.00, -999, 0.00, -999, 0.00, -999, 0.00, -999, 0.00, -999, 0.00, -999, 0.00, -999, 0.00, -999, 0.00, -999, 0.00
2023-07-01 00:00:00,2023-07-01 10:00:00, 0.023, 1.00, 0.011, 0.49, 0.002, 1.00, 0.057, 0.49, 0.059, 1.00, 0.112, 0.49, 2.677e+06, 1.00,  1.40, 1.00, 12.7, 1.00, 221.4, 1.00, 2.940e+06, 1.00,  1.47, 1.00, 12.2, 1.00, 10.529, 1.00, -999, 0.00, -999, 0.00, -999, 0.00, -999, 0.00, -999, 0.00, -999, 0.00, -999, 0.00, -999, 0.00, -999, 0.00
2023-08-01 00:00:00,2023-08-01 10:00:00, -0.009, 1.00, -0.058, 0.64, 0.004, 1.00, 0.044, 0.64, 0.053, 1.00, 0.105, 0.64, 2.612e+06, 1.00,  1.35, 1.00, 13.4, 1.00, 216.5, 1.00, 2.315e+06, 0.19,  1.22, 0.19, 13.3, 0.19, 10.542, 0.19, -999, 0.00, -999, 0.00, -999, 0.00, -999, 0.00, -999, 0.00, -999, 0.00, -999, 0.00, -999, 0.00, -999, 0.00
2023-09-01 00:00:00,2023-09-01 10:00:00, 0.007, 1.00, -0.040, 0.61, 0.001, 1.00, 0.061, 0.61, 0.063, 1.00, 0.129, 0.61, 3.646e+06, 1.00,  1.65, 1.00, 12.0, 1.00, 211.2, 1.00, -999, 0.00, -999, 0.00, -999, 0.00, -999, 0.00, -999, 0.00, -999, 0.00, -999, 0.00, -999, 0.00, -999, 0.00, -999, 0.00, -999, 0.00, -999, 0.00, -999, 0.00
2023-10-01 00:00:00,2023-10-01 10:00:00, 0.004, 1.00, -0.036, 0.72, -0.003, 1.00, 0.062, 0.72, 0.062, 1.00, 0.129, 0.72, 3.614e+06, 1.00,  1.54, 1.00, 13.6, 1.00, 219.5, 1.00, -999, 0.00, -999, 0.00, -999, 0.00, -999, 0.00, -999, 0.00, -999, 0.00, -999, 0.00, -999, 0.00, -999, 0.00, -999, 0.00, -999, 0.00, -999, 0.00, -999, 0.00
2023-11-01 00:00:00,2023-11-01 10:00:00, 0.016, 1.00, -0.048, 0.41, -0.005, 1.00, 0.045, 0.41, 0.089, 1.00, 0.155, 0.41, 2.678e+06, 1.00,  1.46, 1.00, 11.9, 1.00, 208.4, 1.00, -999, 0.00, -999, 0.00, -999, 0.00, -999, 0.00, -999, 0.00, -999, 0.00, -999, 0.00, -999, 0.00, -999, 0.00, -999, 0.00, -999, 0.00, -999, 0.00, -999, 0.00
2023-12-01 00:00:00,2023-12-01 10:00:00, 0.028, 1.00, -0.029, 0.43, -0.006, 1.00, 0.035, 0.43, 0.086, 1.00, 0.130, 0.43, 1.636e+06, 1.00,  1.15, 1.00, 11.6, 1.00, 207.9, 1.00, -999, 0.00, -999, 0.00, -999, 0.00, -999, 0.00, -999, 0.00, -999, 0.00, -999, 0.00, -999, 0.00, -999, 0.00, -999, 0.00, -999, 0.00, -999, 0.00, -999, 0.00
2024-01-01 00:00:00,2024-01-01 10:00:00, 0.086, 0.72, 0.077, 0.26, -0.012, 0.72, 0.032, 0.26, 0.111, 0.72, 0.135, 0.26, 1.595e+06, 0.72,  1.08, 0.72, 12.0, 0.72, 215.9, 0.72, -999, 0.00, -999, 0.00, -999, 0.00, -999, 0.00, -999, 0.00, -999, 0.00, -999, 0.00, -999, 0.00, -999, 0.00, -999, 0.00, -999, 0.00, -999, 0.00, -999, 0.00
