Number_of_days,Deployment,DateTime_GMT-07:00,MAX_surface_PAR,Integrated_surface_PAR,Max_underwater_PAR,Integrated_underwater_PAR,PAR_transmission_to_17.1m_depth,Kd-PAR
1,one,2021-05-19 00:00,1800,22.456,425,5.304,25.4,0.08
2,one,2021-05-20 00:00,2164,36.599,490,8.668,23.5,0.085
3,one,2021-05-21 00:00,1834,39.581,408,8.507,22.9,0.086
4,one,2021-05-22 00:00,1991,39.161,340,6.155,17.1,0.103
5,one,2021-05-23 00:00,1612,37.852,323,6.585,20,0.094
6,one,2021-05-24 00:00,1686,30.998,324,5.659,19.2,0.096
7,one,2021-05-25 00:00,1879,26,348,7.425,20.1,0.094
8,one,2021-05-26 00:00,1842,29.758,313,4.56,17.2,0.103
9,one,2021-05-27 00:00,1570,38.188,372,7.267,22.4,0.087
10,one,2021-05-28 00:00,1600,38.329,357,7.052,21.9,0.089
11,one,2021-05-29 00:00,1675,37.965,295,5.471,17,0.103
12,one,2021-05-30 00:00,1620,34.818,356,6.196,20.6,0.093
13,one,2021-05-31 00:00,1666,35.426,412,7.804,24.9,0.081
14,one,2021-06-01 00:00,1957,34.851,456,8.631,23.5,0.085
15,one,2021-06-02 00:00,1681,29.166,517,6.987,27.1,0.076
16,one,2021-06-03 00:00,2129,28.237,462,6.564,24.6,0.082
17,one,2021-06-04 00:00,2057,29.574,480,7.408,26.1,0.078
18,one,2021-06-05 00:00,1994,30.708,431,7.431,24.8,0.082
19,one,2021-06-06 00:00,1934,35.684,405,6.918,22.3,0.088
20,one,2021-06-07 00:00,1797,36.266,455,8.025,25.6,0.08
21,one,2021-06-08 00:00,1715,30.743,496,8.598,28.9,0.073
22,one,2021-06-09 00:00,1940,34.994,368,6.171,19.5,0.095
23,one,2021-06-10 00:00,1806,34.613,331,5.883,18.1,0.1
24,one,2021-06-11 00:00,992,9.353,174,1.86,20.3,0.093
25,one,2021-06-12 00:00,1755,24.893,348,4.485,19.6,0.095
26,one,2021-06-13 00:00,2421,23.71,533,6.174,30.1,0.07
27,one,2021-06-14 00:00,1864,32.068,451,8.19,24.4,0.083
28,one,2021-06-15 00:00,920,16.542,310,4.007,26.6,0.078
29,one,2021-06-16 00:00,1721,20.887,393,4.672,23.2,0.085
30,one,2021-06-17 00:00,1629,36.518,379,7.155,22.9,0.086
31,one,2021-06-18 00:00,1770,35.535,378,6.965,22,0.088
32,one,2021-06-19 00:00,1429,18.836,369,4.928,27.4,0.076
33,one,2021-06-20 00:00,1820,15.726,394,3.312,21.6,0.09
34,one,2021-06-21 00:00,1761,36.352,369,7.228,21.4,0.09
35,one,2021-06-22 00:00,1712,39.26,337,7.046,20.3,0.093
36,one,2021-06-23 00:00,1827,29.28,383,7.183,21.9,0.089
37,one,2021-06-24 00:00,1864,26.299,302,5.281,18.3,0.099
38,one,2021-06-25 00:00,1895,35.739,415,7.845,23.6,0.084
39,one,2021-06-26 00:00,1697,31.555,370,6.522,22.5,0.087
40,one,2021-06-27 00:00,1881,35.156,441,7.099,23.3,0.085
41,one,2021-06-28 00:00,1880,38.6,419,8.28,23.2,0.086
42,one,2021-06-29 00:00,1691,31.217,429,6.696,23.7,0.084
43,one,2021-06-30 00:00,1376,24.317,389,5.127,23.5,0.085
44,one,2021-07-01 00:00,1727,35.195,439,7.241,24.7,0.082
45,one,2021-07-02 00:00,1691,36.751,398,7.56,24,0.084
46,one,2021-07-03 00:00,1794,38.658,402,7.41,22.7,0.087
47,one,2021-07-04 00:00,2085,22.519,464,5.067,21.7,0.089
48,one,2021-07-05 00:00,1744,37.428,449,8.6,25.1,0.081
49,one,2021-07-06 00:00,1974,32.377,408,7.459,22.2,0.088
50,one,2021-07-07 00:00,2130,35.436,432,6.124,19.5,0.096
51,one,2021-07-08 00:00,1782,32.679,487,6.805,23.2,0.085
52,one,2021-07-09 00:00,1860,38.732,392,6.198,20.1,0.094
53,one,2021-07-10 00:00,1817,27.832,376,5.643,21.4,0.09
54,one,2021-07-11 00:00,1929,16.559,398,4.386,27.7,0.075
55,one,2021-07-12 00:00,1904,30.263,365,5.98,20.4,0.093
56,one,2021-07-13 00:00,2014,27.79,420,4.464,17.8,0.101
57,one,2021-07-14 00:00,1785,34.013,497,6.69,25.2,0.081
58,one,2021-07-15 00:00,2010,28.902,399,5.345,20.4,0.093
59,one,2021-07-16 00:00,1692,38.412,383,7.21,22.2,0.088
60,one,2021-07-17 00:00,2031,20.933,437,3.383,17,0.104
61,one,2021-07-18 00:00,572,10.145,106,2.028,19.3,0.096
62,one,2021-07-19 00:00,2066,25.861,416,5.213,19.1,0.097
63,one,2021-07-20 00:00,1795,40.237,387,7.629,21.3,0.091
64,one,2021-07-21 00:00,2159,30.839,491,6.495,23,0.086
65,one,2021-07-22 00:00,2015,29.681,460,6.552,23.3,0.085
66,one,2021-07-23 00:00,1644,42.255,419,8.482,24.7,0.082
67,one,2021-07-24 00:00,1682,28.815,351,4.775,18.9,0.098
68,one,2021-07-25 00:00,1825,40.035,395,7.056,22,0.089
69,one,2021-07-26 00:00,1839,35.377,409,7.619,23.3,0.085
70,one,2021-07-27 00:00,1311,21.197,200,3.633,16.9,0.104
71,one,2021-07-28 00:00,2237,31.374,495,6.285,23.2,0.085
72,one,2021-07-29 00:00,2301,30.128,491,7.427,22.5,0.087
73,one,2021-07-30 00:00,1805,41.91,441,8.58,24.3,0.083
74,one,2021-07-31 00:00,2152,36.866,541,9.184,26.3,0.078
75,one,2021-08-01 00:00,1674,41.318,444,9.008,25.7,0.079
76,one,2021-08-02 00:00,1924,37.376,525,8.51,26,0.079
77,one,2021-08-03 00:00,2186,41.468,503,8.103,23.2,0.085
78,one,2021-08-04 00:00,2030,25.091,494,6.058,25.3,0.08
79,one,2021-08-05 00:00,1991,32.993,396,6.577,20.5,0.093
80,one,2021-08-06 00:00,1864,41.537,404,7.851,22.3,0.088
81,one,2021-08-07 00:00,1690,42.593,407,7.484,22.9,0.086
82,one,2021-08-08 00:00,2356,39.653,369,6.768,18.4,0.099
83,one,2021-08-09 00:00,2162,36.806,358,6.057,16.6,0.105
84,one,2021-08-10 00:00,1499,23.977,312,4.589,22.7,0.087
85,one,2021-08-11 00:00,2402,40.002,465,7.315,20.1,0.094
86,one,2021-08-12 00:00,2016,38.029,414,7.245,21.2,0.091
87,one,2021-08-13 00:00,1879,30.146,392,6,20.7,0.092
88,one,2021-08-14 00:00,1829,33.743,458,5.838,22.2,0.088
89,one,2021-08-15 00:00,1772,44.157,357,6.801,19.8,0.095
90,one,2021-08-16 00:00,2332,31.969,432,5.876,20.5,0.093
91,one,2021-08-17 00:00,1897,35.921,359,5.941,18.1,0.1
92,one,2021-08-18 00:00,1797,41.786,401,7.738,22.2,0.088
93,one,2021-08-19 00:00,2267,35.351,531,7.5,22.9,0.086
94,one,2021-08-20 00:00,2125,42.961,495,8.969,23.9,0.084
95,one,2021-08-21 00:00,2161,34.667,398,6.117,20.9,0.092
96,one,2021-08-22 00:00,2330,16.947,429,3.703,24.5,0.082
97,gap,2021-08-23 00:00,2179,40.706,NA,NA,NA,NA
98,two,2021-08-24 00:00,2299,26.137,588,7.267,30.8,0.069
99,two,2021-08-25 00:00,2112,47.091,502,9.651,23.7,0.084
100,two,2021-08-26 00:00,2062,35.248,523,8.148,26.2,0.078
101,two,2021-08-27 00:00,1269,19.781,385,5.018,29.7,0.071
102,two,2021-08-28 00:00,NA,NA,441,6.164,NA,NA
103,two,2021-08-29 00:00,2019,45.524,495,10.119,25.1,0.081
104,two,2021-08-30 00:00,2136,48.323,533,10.773,26.8,0.077
105,two,2021-08-31 00:00,2236,44.192,565,10.602,25.4,0.08
106,two,2021-09-01 00:00,2374,49.61,615,12.139,26.9,0.077
107,two,2021-09-02 00:00,2214,49.933,617,11.838,28.1,0.074
108,two,2021-09-03 00:00,2381,46.256,585,10.564,26.8,0.077
109,two,2021-09-04 00:00,2206,50.627,561,11.776,26.3,0.078
110,two,2021-09-05 00:00,2016,51.254,536,10.589,24.4,0.082
111,two,2021-09-06 00:00,2429,35.282,501,10.162,27.5,0.076
112,two,2021-09-07 00:00,2254,47.013,535,10.558,24.9,0.081
113,two,2021-09-08 00:00,2549,45.74,632,10.068,26,0.079
114,two,2021-09-09 00:00,2181,52.928,627,10.33,26.7,0.077
115,two,2021-09-10 00:00,2156,43.546,540,10.236,25.1,0.081
116,two,2021-09-11 00:00,2409,41.313,511,8.627,22,0.089
117,two,2021-09-12 00:00,2519,38.958,547,10.467,23.9,0.084
118,two,2021-09-13 00:00,2534,45.557,565,8.127,21,0.091
119,two,2021-09-14 00:00,2399,50.776,612,10.589,25,0.081
120,two,2021-09-15 00:00,2249,43.77,427,8.91,19.5,0.096
121,two,2021-09-16 00:00,2309,45.932,556,7.092,20.8,0.092
122,two,2021-09-17 00:00,2554,39.949,617,9.315,22,0.089
123,two,2021-09-18 00:00,2349,40.511,610,9.615,24.6,0.082
124,two,2021-09-19 00:00,2344,48.437,514,9.169,21.5,0.09
125,two,2021-09-20 00:00,2209,35.875,589,7.659,22.8,0.086
126,two,2021-09-21 00:00,2106,54.62,572,11.613,26,0.079
127,two,2021-09-22 00:00,2374,31.364,508,7.565,24.8,0.082
128,two,2021-09-23 00:00,2446,43.507,605,9.199,25,0.081
129,two,2021-09-24 00:00,2026,51.166,461,9.059,21.6,0.09
130,two,2021-09-25 00:00,2554,31.471,554,5.251,15.8,0.108
131,two,2021-09-26 00:00,2489,53.113,628,12.347,27,0.076
132,two,2021-09-27 00:00,2394,49.467,513,8.884,21.1,0.091
133,two,2021-09-28 00:00,2554,53.421,690,10.883,23.3,0.085
134,two,2021-09-29 00:00,2554,51.255,631,11.912,26.8,0.077
135,two,2021-09-30 00:00,2369,50.466,596,11.76,25.7,0.079
136,two,2021-10-01 00:00,2364,52.737,604,10.912,25,0.081
137,two,2021-10-02 00:00,2171,56.29,587,11.552,26.3,0.078
138,two,2021-10-03 00:00,2554,32.453,617,8.235,27.8,0.075
139,two,2021-10-04 00:00,2526,55.56,617,9.935,25.5,0.08
140,two,2021-10-05 00:00,2391,51.37,539,10.91,23.1,0.086
141,two,2021-10-06 00:00,2284,54.541,470,9.875,21.4,0.09
142,two,2021-10-07 00:00,2149,58.184,570,11.24,26,0.079
143,two,2021-10-08 00:00,2266,56.552,596,11.903,25.9,0.079
144,two,2021-10-09 00:00,2124,56.677,572,11.642,26.4,0.078
145,two,2021-10-10 00:00,2396,52.829,638,11.724,25.5,0.08
146,two,2021-10-11 00:00,2554,50.144,694,11.162,26.1,0.079
147,two,2021-10-12 00:00,2491,41.869,543,9.165,22.7,0.087
148,two,2021-10-13 00:00,2504,38.821,652,8.405,26.3,0.078
149,two,2021-10-14 00:00,2436,46.928,672,10.816,26.9,0.077
150,two,2021-10-15 00:00,2386,53.882,629,13.285,26.4,0.078
151,two,2021-10-16 00:00,2186,58.679,665,13.812,30,0.07
152,two,2021-10-17 00:00,2401,50.098,651,12.217,26,0.079
153,two,2021-10-18 00:00,2399,45.755,629,11.687,27.1,0.076
154,two,2021-10-19 00:00,2554,37.043,709,9.689,29.7,0.071
155,two,2021-10-20 00:00,2554,21.531,433,4.744,20.3,0.093
156,two,2021-10-21 00:00,2434,53.825,664,12.266,26.8,0.077
157,two,2021-10-22 00:00,1401,9.818,213,1.68,16,0.107
158,two,2021-10-23 00:00,2141,38.161,342,4.962,15.2,0.11
159,two,2021-10-24 00:00,1199,9.46,162,1.49,15.9,0.108
160,two,2021-10-25 00:00,2394,26.809,331,4.257,15.8,0.108
161,two,2021-10-26 00:00,2216,53.473,522,9.069,21.6,0.09
162,two,2021-10-27 00:00,2519,55.441,728,12.67,27.4,0.076
163,two,2021-10-28 00:00,1214,13.16,300,2.749,21.3,0.09
164,two,2021-10-29 00:00,2554,58.433,617,10.384,23,0.086
165,two,2021-10-30 00:00,2554,57.847,575,11.559,22.5,0.087
166,two,2021-10-31 00:00,2526,57.091,749,14.574,29.6,0.071
167,two,2021-11-01 00:00,2554,45.694,701,9.427,27.9,0.075
168,two,2021-11-02 00:00,2554,44.824,682,10.425,25.6,0.08
169,two,2021-11-03 00:00,2554,42.119,658,10.762,26.7,0.077
170,two,2021-11-04 00:00,2554,44.182,694,12.383,29.6,0.071
171,two,2021-11-05 00:00,2274,54.765,627,10.848,25.8,0.079
172,two,2021-11-06 00:00,2401,29.717,322,4.287,14.4,0.113
173,two,2021-11-07 00:00,2476,57.917,483,8.199,17.2,0.103
174,two,2021-11-08 00:00,2554,54.524,773,12.296,25.9,0.079
175,two,2021-11-09 00:00,2554,56.557,631,11.474,23.9,0.084
176,two,2021-11-10 00:00,2554,37.694,800,11.613,28.2,0.074
177,two,2021-11-11 00:00,2371,60.239,626,13.47,26.4,0.078
178,two,2021-11-12 00:00,2554,51.4,721,13.532,28.3,0.074
179,two,2021-11-13 00:00,2379,28.132,619,7.858,30.9,0.069
180,two,2021-11-14 00:00,2554,43.48,630,8.572,22.1,0.088
181,two,2021-11-15 00:00,2431,34.753,450,7.907,24.4,0.082
182,two,2021-11-16 00:00,2519,44.258,651,10.899,25.9,0.079
183,two,2021-11-17 00:00,2554,46.712,765,8.907,20.7,0.092
184,two,2021-11-18 00:00,2444,46.097,501,8.035,19.2,0.097
185,two,2021-11-19 00:00,2554,51.063,547,9.521,20.8,0.092
186,two,2021-11-20 00:00,2554,39.913,578,8.49,22.7,0.087
187,two,2021-11-21 00:00,2214,61.911,573,11.881,25.1,0.081
188,two,2021-11-22 00:00,2554,45.049,572,8.693,22,0.088
189,two,2021-11-23 00:00,2446,55.479,668,12.345,26.4,0.078
190,two,2021-11-24 00:00,2319,56.246,615,12.372,24.7,0.082
191,two,2021-11-25 00:00,2436,50.741,622,12.449,26.4,0.078
192,two,2021-11-26 00:00,2336,47.318,641,13.908,28.3,0.074
193,two,2021-11-27 00:00,2504,59.597,637,12.967,26,0.079
194,two,2021-11-28 00:00,2554,40.942,723,10.204,25.2,0.081
195,two,2021-11-29 00:00,2554,37.477,468,5.83,17.5,0.102
196,two,2021-11-30 00:00,2164,40.049,437,7.704,20.5,0.093
197,two,2021-12-01 00:00,2554,42.99,591,8.624,22.5,0.087
198,two,2021-12-02 00:00,2554,45.199,552,9.671,21.6,0.09
199,two,2021-12-03 00:00,2266,58.411,605,12.075,25.5,0.08
200,two,2021-12-04 00:00,2554,53.06,624,11.353,23.8,0.084
201,two,2021-12-05 00:00,2336,59.224,532,11.318,22.3,0.088
202,two,2021-12-06 00:00,2554,43.522,665,8.766,24.6,0.082
203,two,2021-12-07 00:00,2404,41.49,586,10.436,25.3,0.08
204,two,2021-12-08 00:00,2554,57.109,662,12.627,26.3,0.078
205,two,2021-12-09 00:00,2426,62.03,463,10.42,18.9,0.098
206,two,2021-12-10 00:00,2306,62.993,524,10.29,21.4,0.09
207,two,2021-12-11 00:00,2341,57.561,498,9.456,20.2,0.093
208,two,2021-12-12 00:00,2501,61.978,491,10.599,20.6,0.092
209,two,2021-12-13 00:00,2554,50.027,648,10.865,24.2,0.083
210,two,2021-12-14 00:00,2554,30.718,677,7.649,25.9,0.079
211,two,2021-12-15 00:00,2481,49.084,492,9.84,19.2,0.096
212,two,2021-12-16 00:00,2554,38.716,650,5.579,18.3,0.099
213,two,2021-12-17 00:00,2554,56.452,539,8.53,20.8,0.092
214,two,2021-12-18 00:00,2554,55.688,537,7.426,19.5,0.096
215,two,2021-12-19 00:00,1944,30.262,595,5.782,23.5,0.085
216,two,2021-12-20 00:00,2554,48.649,436,6.448,15.2,0.11
217,two,2021-12-21 00:00,2524,49.174,470,6.777,18.1,0.1
218,two,2021-12-22 00:00,2554,49.216,389,6.951,15.5,0.109
219,two,2021-12-23 00:00,2504,60.226,491,10.818,20.2,0.094
220,two,2021-12-24 00:00,2554,52.333,674,11.673,26.2,0.078
221,two,2021-12-25 00:00,2351,50.166,494,10.095,21,0.091
222,two,2021-12-26 00:00,2526,47.239,706,10.987,25.7,0.079
223,two,2021-12-27 00:00,1119,20.691,147,2.889,14.3,0.114
224,two,2021-12-28 00:00,1431,15.721,366,2.728,17.9,0.101
225,two,2021-12-29 00:00,2096,35.414,346,5.515,15.8,0.108
226,two,2021-12-30 00:00,2381,57.212,565,11.596,22.8,0.086
227,two,2021-12-31 00:00,2554,47.902,564,10.656,20.7,0.092
228,two,2022-01-01 00:00,2129,37.824,394,6.846,19,0.097
229,two,2022-01-02 00:00,1786,28.432,400,5.833,22.3,0.088
230,two,2022-01-03 00:00,2554,38.539,548,7.608,20.7,0.092
231,two,2022-01-04 00:00,2554,52.835,580,9.253,21.3,0.09
232,two,2022-01-05 00:00,2554,34.925,631,9.913,30.3,0.07
233,two,2022-01-06 00:00,2554,44.964,605,9.859,23,0.086
234,two,2022-01-07 00:00,2524,60.091,572,12.296,21.8,0.089
235,two,2022-01-08 00:00,2554,39.943,476,6.742,19.1,0.097
236,two,2022-01-09 00:00,2521,32.732,146,2.833,7,0.155
237,two,2022-01-10 00:00,1984,24.424,187,2.347,10.3,0.133
238,two,2022-01-11 00:00,2381,34.327,304,4.265,12.1,0.124
239,two,2022-01-12 00:00,2444,24.494,301,3.543,14,0.115
240,two,2022-01-13 00:00,1116,12.982,133,1.543,12.8,0.12
241,two,2022-01-14 00:00,264,5.051,28,0.539,11.5,0.127
242,two,2022-01-15 00:00,2299,25.669,289,2.404,10.4,0.132
243,two,2022-01-16 00:00,2554,50.601,292,4.459,10.1,0.134
244,two,2022-01-17 00:00,1244,23.4,160,3.106,13.2,0.118
245,two,2022-01-18 00:00,1956,27.403,410,5.15,20.1,0.094
246,two,2022-01-19 00:00,1409,21.421,178,2.544,12.3,0.123
247,two,2022-01-20 00:00,2484,39.121,424,5.299,15.9,0.108
248,two,2022-01-21 00:00,1261,19.642,183,3.03,15.5,0.109
249,two,2022-01-22 00:00,1906,31.783,395,5.469,17.2,0.103
250,two,2022-01-23 00:00,2466,48.766,477,8.051,19.2,0.096
251,two,2022-01-24 00:00,2554,52.068,441,8.009,17.1,0.103
252,two,2022-01-25 00:00,2394,53.746,440,7.463,16.1,0.107
253,two,2022-01-26 00:00,2554,54.034,337,6.567,13,0.119
254,gap,2022-01-27 00:00,2554,51.196,NA,NA,NA,NA
255,three,2022-01-28 00:00,2554,54.283,611,12.178,24.6,0.082
256,three,2022-01-29 00:00,NA,NA,635,9.096,NA,NA
257,three,2022-01-30 00:00,2554,55.462,629,11.01,23.4,0.085
258,three,2022-01-31 00:00,2396,51.388,658,10.699,23.6,0.085
259,three,2022-02-01 00:00,2329,51.844,642,14.808,28.1,0.074
260,three,2022-02-02 00:00,2486,52.238,664,13.467,26.8,0.077
261,three,2022-02-03 00:00,2554,54.533,596,11.71,23.2,0.086
262,three,2022-02-04 00:00,2485,60.993,649,13.583,24.8,0.082
263,three,2022-02-05 00:00,2476,58.189,650,14.836,27.3,0.076
264,three,2022-02-06 00:00,2007,35.556,514,8.467,24.7,0.082
265,three,2022-02-07 00:00,2514,50.296,649,13.237,28.1,0.074
266,three,2022-02-08 00:00,2495,55.186,578,12.987,24.2,0.083
267,three,2022-02-09 00:00,2554,33.73,558,8.672,27,0.077
268,three,2022-02-10 00:00,2554,51.787,724,12.983,28.2,0.074
269,three,2022-02-11 00:00,2459,54.946,706,13.082,27.7,0.075
270,three,2022-02-12 00:00,2554,55.426,617,12.26,23.6,0.085
271,three,2022-02-13 00:00,2547,54.636,655,11.767,25.1,0.081
272,three,2022-02-14 00:00,2492,53.628,581,11.595,23.6,0.084
273,three,2022-02-15 00:00,2412,58.993,428,10.111,18,0.1
274,three,2022-02-16 00:00,2466,50.71,566,12.055,23.3,0.085
275,three,2022-02-17 00:00,2546,51.865,598,11.872,23.5,0.085
276,three,2022-02-18 00:00,2490,47.063,597,10.128,24.6,0.082
277,three,2022-02-19 00:00,2554,47.273,631,10.625,23.7,0.084
278,three,2022-02-20 00:00,2554,46.756,641,11.225,23.8,0.084
279,three,2022-02-21 00:00,2462,55.914,534,10.397,21.5,0.09
280,three,2022-02-22 00:00,2347,44.085,584,12.722,25.6,0.08
281,three,2022-02-23 00:00,2547,53.933,720,12.149,26.2,0.078
282,three,2022-02-24 00:00,2532,50.548,726,13.796,29.3,0.072
283,three,2022-02-25 00:00,2402,59.816,621,13.196,25.3,0.08
284,three,2022-02-26 00:00,2554,54.897,602,13.357,24.9,0.081
285,three,2022-02-27 00:00,2374,61.161,671,13.068,26.8,0.077
286,three,2022-02-28 00:00,2365,56.726,552,10.45,23,0.086
287,three,2022-03-01 00:00,2266,56.212,607,12.116,25.9,0.079
288,three,2022-03-02 00:00,2554,59.066,723,13.893,27.3,0.076
289,three,2022-03-03 00:00,2451,55.024,658,13.956,26.9,0.077
290,three,2022-03-04 00:00,2336,58.048,646,13.875,27.5,0.076
291,three,2022-03-05 00:00,2305,56.905,612,14.091,27.1,0.076
292,three,2022-03-06 00:00,2439,56.088,699,14.192,27.8,0.075
293,three,2022-03-07 00:00,2235,58.104,658,13.949,28.4,0.074
294,three,2022-03-08 00:00,2412,59.503,690,13.79,28,0.074
295,three,2022-03-09 00:00,2359,57.07,598,13.351,26,0.079
296,three,2022-03-10 00:00,2542,58.025,626,12.782,25.3,0.08
297,three,2022-03-11 00:00,2320,55.75,663,14.829,29,0.072
298,three,2022-03-12 00:00,2344,56.809,648,12.889,27.2,0.076
299,three,2022-03-13 00:00,2350,54.035,635,13.293,26.6,0.078
300,three,2022-03-14 00:00,2495,50.969,736,13.192,28,0.074
301,three,2022-03-15 00:00,2250,47.904,633,12.578,27,0.077
302,three,2022-03-16 00:00,2554,53.014,643,13.9,26,0.079
303,three,2022-03-17 00:00,1550,27.322,515,7.859,32.5,0.066
304,three,2022-03-18 00:00,2300,56.833,661,14.534,28.7,0.073
305,three,2022-03-19 00:00,2225,54.245,505,11.417,22.9,0.086
306,three,2022-03-20 00:00,2395,56.672,609,12.688,26.2,0.078
307,three,2022-03-21 00:00,2082,32.615,511,7.149,24,0.083
308,three,2022-03-22 00:00,2530,36.834,706,9.668,28.3,0.074
309,three,2022-03-23 00:00,2209,44.982,568,10.541,25.3,0.08
310,three,2022-03-24 00:00,2414,52.67,535,9.827,23,0.086
311,three,2022-03-25 00:00,2279,53.754,592,12.102,26.6,0.077
312,three,2022-03-26 00:00,2214,52.643,500,10.391,21.2,0.091
313,three,2022-03-27 00:00,2311,51.591,491,9.525,20.7,0.092
314,three,2022-03-28 00:00,2214,53.948,514,11.06,22.3,0.088
315,three,2022-03-29 00:00,2187,53.591,522,11.898,24.1,0.083
316,three,2022-03-30 00:00,2405,40.124,491,9.754,22,0.088
317,three,2022-03-31 00:00,2382,48.632,507,10.15,22,0.089
318,three,2022-04-01 00:00,2554,43.649,630,9.731,25.1,0.081
319,three,2022-04-02 00:00,2490,50.887,614,9.33,23,0.086
320,three,2022-04-03 00:00,2554,44.317,692,10.243,24.5,0.082
321,three,2022-04-04 00:00,2142,45.637,653,11.622,27.6,0.075
322,three,2022-04-05 00:00,2380,44.051,608,13.105,26.8,0.077
323,three,2022-04-06 00:00,2222,49.67,489,9.715,21.5,0.09
324,three,2022-04-07 00:00,2220,51.04,509,10.193,23.8,0.084
325,three,2022-04-08 00:00,2449,50.276,578,10.58,24.5,0.082
326,three,2022-04-09 00:00,2337,44.571,633,10.106,26.2,0.078
327,three,2022-04-10 00:00,2115,37.349,585,8.629,23,0.086
328,three,2022-04-11 00:00,2005,49.718,572,12.423,28,0.075
329,three,2022-04-12 00:00,2050,50.795,583,12.125,28,0.074
330,three,2022-04-13 00:00,1745,21.151,572,5.085,23.9,0.084
331,three,2022-04-14 00:00,2181,48.683,588,11.372,25.4,0.08
332,three,2022-04-15 00:00,2187,49.6,420,10.12,20,0.094
333,three,2022-04-16 00:00,2401,41.949,561,11.515,24.9,0.081
334,three,2022-04-17 00:00,2437,43.073,366,6.504,15.7,0.108
335,three,2022-04-18 00:00,1879,47.717,565,12.303,29.4,0.072
336,three,2022-04-19 00:00,1879,46.876,496,10.313,25.7,0.079
337,three,2022-04-20 00:00,2197,39.608,493,9.954,24.9,0.081
338,three,2022-04-21 00:00,1502,15.791,564,5.165,36.3,0.059
339,three,2022-04-22 00:00,2487,38.774,582,9.071,22.9,0.086
340,three,2022-04-23 00:00,2379,30.638,617,7.802,25.6,0.08
341,three,2022-04-24 00:00,1825,44.044,515,10.532,26.8,0.077
342,three,2022-04-25 00:00,2045,46.16,504,10.426,24.1,0.083
343,three,2022-04-26 00:00,1886,45.002,506,10.752,25.1,0.081
344,gap,2022-04-27 00:00,2125,37.46,NA,NA,NA,NA
345,gap,2022-04-28 00:00,NA,NA,NA,NA,NA,NA
346,four,2022-04-29 00:00,2122,46.116,467,8.171,22.1,0.088
347,four,2022-04-30 00:00,2164,42.782,447,7.915,22.2,0.088
348,four,2022-05-01 00:00,2117,45.156,510,7.865,22.6,0.087
349,four,2022-05-02 00:00,2027,41.49,312,5.209,16,0.107
350,four,2022-05-03 00:00,2221,32.417,388,4.821,17.5,0.102
351,four,2022-05-04 00:00,2355,36.383,422,7.28,20.5,0.093
352,four,2022-05-05 00:00,2210,32.402,342,4.56,15,0.111
353,four,2022-05-06 00:00,2104,37.453,392,6.461,20,0.094
354,four,2022-05-07 00:00,1431,23.896,284,4.621,19.3,0.096
355,four,2022-05-08 00:00,2375,44.063,404,5.421,16.3,0.106
356,four,2022-05-09 00:00,2050,41.869,465,6.778,20.4,0.093
357,four,2022-05-10 00:00,1962,37.894,431,6.671,22.4,0.087
358,four,2022-05-11 00:00,2137,32.242,353,4.798,15.6,0.109
359,four,2022-05-12 00:00,1865,39.902,409,7.371,21.7,0.089
360,four,2022-05-13 00:00,1774,41.353,422,6.975,22.1,0.088
361,four,2022-05-14 00:00,1945,41.329,360,6.136,18.8,0.098
362,four,2022-05-15 00:00,2032,37.658,363,6.207,18.2,0.1
363,four,2022-05-16 00:00,2115,29.093,366,4.818,17.3,0.103
364,four,2022-05-17 00:00,1966,37.115,422,5.874,19.3,0.096
365,four,2022-05-18 00:00,2019,30.921,444,5.685,21.8,0.089
366,four,2022-05-19 00:00,1720,37.718,399,7.064,22.8,0.086
367,four,2022-05-20 00:00,2077,33.472,353,5.415,18.7,0.098
368,four,2022-05-21 00:00,1901,42.947,311,4.981,16.2,0.107
369,four,2022-05-22 00:00,1754,41.2,315,5.623,17.8,0.101
370,four,2022-05-23 00:00,1905,40.505,334,6.335,18.7,0.098
371,four,2022-05-24 00:00,1740,41.522,315,5.878,18.4,0.099
372,four,2022-05-25 00:00,1822,37.98,269,4.73,15.5,0.109
373,four,2022-05-26 00:00,1871,38.634,367,6.134,19.5,0.095
374,four,2022-05-27 00:00,1891,42.009,369,6.71,19.9,0.094
375,four,2022-05-28 00:00,1647,39.429,315,5.85,19,0.097
376,four,2022-05-29 00:00,1696,38.526,353,6.291,20.2,0.094
377,four,2022-05-30 00:00,1675,40.087,290,5.488,17.2,0.103
378,four,2022-05-31 00:00,1594,19.385,179,2.392,13.4,0.118
379,four,2022-06-01 00:00,2087,24.93,403,4.545,23.1,0.086
380,four,2022-06-02 00:00,541,6.283,99,0.977,14.9,0.112
381,four,2022-06-03 00:00,2146,27.35,407,4.955,18.8,0.098
382,four,2022-06-04 00:00,2027,35.528,371,5.741,18.9,0.098
383,four,2022-06-05 00:00,1966,34.611,381,5.767,19.5,0.096
384,four,2022-06-06 00:00,1610,39.317,333,5.96,20,0.094
385,four,2022-06-07 00:00,1761,38.081,336,5.636,19.6,0.095
386,four,2022-06-08 00:00,1695,37.523,362,6.506,21.2,0.091
387,four,2022-06-09 00:00,1440,16.584,112,2.148,11.1,0.128
388,four,2022-06-10 00:00,1939,30.309,414,5.227,21.2,0.091
389,four,2022-06-11 00:00,1817,27.723,315,4.431,17.6,0.102
390,four,2022-06-12 00:00,1781,38.914,264,5.297,15.7,0.108
391,four,2022-06-13 00:00,1576,37.146,351,6.19,21.3,0.09
392,four,2022-06-14 00:00,1955,36.439,362,6.196,20.9,0.092
393,four,2022-06-15 00:00,1871,37.173,362,5.841,18.8,0.098
394,four,2022-06-16 00:00,2242,29.268,319,4.58,15.3,0.11
395,four,2022-06-17 00:00,1821,31.308,354,4.695,19.3,0.096
396,four,2022-06-18 00:00,1645,23.486,384,4.721,19.8,0.095
397,four,2022-06-19 00:00,1834,38.117,317,5.882,18.6,0.098
398,four,2022-06-20 00:00,2150,39.97,317,5.691,16.9,0.104
399,four,2022-06-21 00:00,2129,35.081,369,5.718,19.4,0.096
400,four,2022-06-22 00:00,1622,33.812,388,6.253,22.6,0.087
401,four,2022-06-23 00:00,1610,36.8,371,6.35,22.9,0.086
402,four,2022-06-24 00:00,1629,27.897,401,4.844,20.9,0.091
403,four,2022-06-25 00:00,1769,33.441,355,5.791,21.1,0.091
404,four,2022-06-26 00:00,1747,30.322,396,5.518,23.1,0.086
405,four,2022-06-27 00:00,1826,36.2,397,6.226,21.1,0.091
406,four,2022-06-28 00:00,1985,38.24,398,6.566,21,0.091
407,four,2022-06-29 00:00,1720,34.241,383,6.835,22.1,0.088
408,four,2022-06-30 00:00,1952,37.072,393,6.104,19.9,0.095
409,four,2022-07-01 00:00,1761,33.755,426,5.355,20.3,0.093
410,four,2022-07-02 00:00,1970,36.995,357,6.062,18.5,0.099
411,four,2022-07-03 00:00,1881,39.382,349,6.443,19,0.097
412,four,2022-07-04 00:00,1739,30.533,417,5.162,21.1,0.091
413,four,2022-07-05 00:00,2020,34.523,420,6.126,21.2,0.091
414,four,2022-07-06 00:00,1930,33.274,417,5.905,21.9,0.089
415,four,2022-07-07 00:00,1637,36.899,378,6.314,22.5,0.087
416,four,2022-07-08 00:00,1836,21.796,404,4.214,19.3,0.096
417,four,2022-07-09 00:00,1835,38.538,414,7.117,22.4,0.087
418,four,2022-07-10 00:00,2245,32.948,476,6.034,21,0.091
419,four,2022-07-11 00:00,1986,36.535,357,5.929,19.7,0.095
420,four,2022-07-12 00:00,2189,29.805,409,5.128,21,0.091
421,four,2022-07-13 00:00,1731,38.648,316,5.547,17.8,0.101
422,four,2022-07-14 00:00,1994,36.242,321,5.174,15.9,0.108
423,four,2022-07-15 00:00,2119,28.479,405,5.198,21.4,0.09
424,four,2022-07-16 00:00,1801,40.067,385,6.778,21.6,0.09
425,four,2022-07-17 00:00,1812,39.21,382,6.648,22.6,0.087
426,four,2022-07-18 00:00,1712,40.54,371,6.544,21.3,0.09
427,four,2022-07-19 00:00,1731,40.704,383,6.727,22,0.089
428,four,2022-07-20 00:00,2124,37.653,404,6.339,19.8,0.095
429,four,2022-07-21 00:00,1994,36.806,338,5.751,17,0.103
430,four,2022-07-22 00:00,2005,37.673,371,5.939,19.6,0.095
431,four,2022-07-23 00:00,2157,34.925,367,5.472,18.1,0.1
432,four,2022-07-24 00:00,2514,31.811,298,3.617,12.7,0.121
433,four,2022-07-25 00:00,1840,27.891,301,3.652,14.4,0.113
434,four,2022-07-26 00:00,2000,30.313,233,3.632,11.5,0.127
435,four,2022-07-27 00:00,2179,37.453,384,5.461,17.1,0.103
436,four,2022-07-28 00:00,2082,40.886,326,5.546,15.9,0.107
437,four,2022-07-29 00:00,1941,40.523,375,5.502,17.9,0.101
438,four,2022-07-30 00:00,2051,35.147,433,6.038,21.2,0.091
439,four,2022-07-31 00:00,2161,39.891,375,5.861,18.1,0.1
440,four,2022-08-01 00:00,2062,41.828,409,6.072,18.3,0.099
441,four,2022-08-02 00:00,1917,40.157,349,6.333,19,0.097
442,four,2022-08-03 00:00,1990,37.912,357,5.594,18.1,0.1
443,four,2022-08-04 00:00,1460,20.288,214,2.983,15.4,0.109
444,four,2022-08-05 00:00,2427,27.143,411,4.136,17.8,0.101
445,four,2022-08-06 00:00,2114,41.152,416,6.037,19.3,0.096
446,four,2022-08-07 00:00,1945,43.694,368,6.668,19,0.097
447,four,2022-08-08 00:00,1746,37.066,387,6.618,21.4,0.09
448,four,2022-08-09 00:00,665,12.934,109,2.077,16,0.107
449,four,2022-08-10 00:00,2522,39.14,451,6.367,18.7,0.098
450,four,2022-08-11 00:00,1995,43.52,404,6.298,20.7,0.092
451,four,2022-08-12 00:00,1847,44.342,451,7.824,23.5,0.085
452,four,2022-08-13 00:00,2134,42.409,441,7.24,20.6,0.092
453,four,2022-08-14 00:00,1776,44.89,407,7.424,22.5,0.087
454,four,2022-08-15 00:00,999,8.7,96,1.395,14.2,0.114
455,four,2022-08-16 00:00,700,8.875,96,1.316,15.5,0.109
456,four,2022-08-17 00:00,1985,15.276,173,2.212,13.7,0.116
457,four,2022-08-18 00:00,1920,26.825,417,3.78,15.4,0.11
458,four,2022-08-19 00:00,2546,41.786,384,5.744,16.8,0.104
459,gap,2022-08-20 00:00,NA,NA,NA,NA,NA,NA
460,Five,2022-08-21 00:00,2229,43.323,443,8.882,20.8,0.092
461,Five,2022-08-22 00:00,2332,46.979,474,8.409,20.5,0.093
462,Five,2022-08-23 00:00,2554,33.913,625,10.654,24.8,0.081
463,Five,2022-08-24 00:00,2167,33.843,544,7.595,23.2,0.085
464,Five,2022-08-25 00:00,1099,12.115,248,3.047,23.5,0.085
465,Five,2022-08-26 00:00,2296,40.036,542,9.717,25,0.081
466,Five,2022-08-27 00:00,1900,48.917,392,8.894,20.3,0.093
467,Five,2022-08-28 00:00,2071,46.437,560,11.226,27.3,0.076
468,Five,2022-08-29 00:00,2199,41.064,466,8.372,20.1,0.094
469,Five,2022-08-30 00:00,2057,49.455,463,10.16,23,0.086
470,Five,2022-08-31 00:00,2334,46.098,623,11.978,27.3,0.076
471,Five,2022-09-01 00:00,2032,48.515,571,11.49,26.9,0.077
472,Five,2022-09-02 00:00,2209,49.972,522,11.586,25.3,0.08
473,Five,2022-09-03 00:00,2241,48.035,575,12.111,27.6,0.075
474,Five,2022-09-04 00:00,2261,42.68,400,8.385,18.6,0.098
475,Five,2022-09-05 00:00,2554,42.757,527,10.552,22.4,0.088
476,Five,2022-09-06 00:00,2554,33.416,673,8.955,26.3,0.078
477,Five,2022-09-07 00:00,2399,36.773,437,7.921,18.3,0.099
478,Five,2022-09-08 00:00,2457,47.486,536,10.151,22.4,0.087
479,Five,2022-09-09 00:00,2491,49.371,557,11.657,22.9,0.086
480,Five,2022-09-10 00:00,2554,44.371,583,10.94,24,0.084
481,Five,2022-09-11 00:00,2155,50.718,568,12.865,26.1,0.078
482,Five,2022-09-12 00:00,2206,26.072,692,7.512,26,0.079
483,Five,2022-09-13 00:00,2355,40.394,586,10.427,23.9,0.084
484,Five,2022-09-14 00:00,2554,34.577,653,8.655,25.7,0.08
485,Five,2022-09-15 00:00,2541,36.524,738,11.285,27.1,0.076
486,Five,2022-09-16 00:00,2276,45.724,560,12.244,24.9,0.081
487,Five,2022-09-17 00:00,2406,41.04,558,9.905,24.8,0.082
488,Five,2022-09-18 00:00,2179,50.875,612,14.289,28.8,0.073
489,Five,2022-09-19 00:00,2154,52.464,626,14.281,29.2,0.072
490,Five,2022-09-20 00:00,2540,45.313,749,12.322,28.5,0.073
491,Five,2022-09-21 00:00,2234,53.003,601,13.676,26.9,0.077
492,Five,2022-09-22 00:00,2056,28.795,719,10.816,37,0.058
493,Five,2022-09-23 00:00,2432,46.165,610,12.017,25.4,0.08
494,Five,2022-09-24 00:00,2341,28.658,528,7.324,22.7,0.087
495,Five,2022-09-25 00:00,2554,50.017,598,12.104,24.4,0.083
496,Five,2022-09-26 00:00,2554,50.995,608,13.026,26.2,0.078
497,Five,2022-09-27 00:00,2554,40.598,652,9.904,26.6,0.078
498,Five,2022-09-28 00:00,2554,46.507,644,11.57,25.5,0.08
499,Five,2022-09-29 00:00,2472,51.721,631,13.394,26.9,0.077
500,Five,2022-09-30 00:00,2352,55.206,666,14.91,30,0.07
501,Five,2022-10-01 00:00,2401,38.723,652,11.152,28.5,0.073
502,Five,2022-10-02 00:00,2386,43.726,671,13.608,29.5,0.071
503,Five,2022-10-03 00:00,2517,35.431,531,8.645,23.7,0.084
504,Five,2022-10-04 00:00,2509,38.671,590,9.818,26,0.079
505,Five,2022-10-05 00:00,2336,50.478,682,12.909,27,0.077
506,Five,2022-10-06 00:00,2554,44.868,559,10.607,21.6,0.09
507,Five,2022-10-07 00:00,2554,44.464,698,10.383,24.9,0.081
508,Five,2022-10-08 00:00,2531,48.264,601,12.048,24.3,0.083
509,Five,2022-10-09 00:00,2511,50.608,683,11.592,26.2,0.078
510,Five,2022-10-10 00:00,2409,39.451,609,9.518,22.5,0.087
511,Five,2022-10-11 00:00,2554,41.354,680,10.939,28.2,0.074
512,Five,2022-10-12 00:00,2554,37.384,650,12.775,27.8,0.075
513,Five,2022-10-13 00:00,2554,48.928,656,13.446,25.9,0.079
514,Five,2022-10-14 00:00,2375,45.129,517,9.806,22.8,0.086
515,Five,2022-10-15 00:00,2359,46.816,553,9.631,23.3,0.085
516,Five,2022-10-16 00:00,2304,55.554,655,14.102,28.5,0.073
517,Five,2022-10-17 00:00,2110,33.26,670,11.37,34.2,0.063
518,Five,2022-10-18 00:00,2554,39.702,584,11.365,23.8,0.084
519,Five,2022-10-19 00:00,2545,42.787,541,8.619,23.2,0.085
520,Five,2022-10-20 00:00,2554,42.342,509,8.001,20.4,0.093
521,Five,2022-10-21 00:00,2554,48.164,590,11.156,23.6,0.084
522,Five,2022-10-22 00:00,2496,53.643,563,13.218,23.1,0.086
523,Five,2022-10-23 00:00,2554,57.23,660,13.191,26.6,0.077
524,Five,2022-10-24 00:00,2554,46.78,577,9.594,21.5,0.09
525,Five,2022-10-25 00:00,1677,22.944,295,4.234,17.6,0.102
526,Five,2022-10-26 00:00,1460,23.425,214,3.701,16.5,0.105
527,Five,2022-10-27 00:00,2554,46.381,606,10.264,23.3,0.085
528,Five,2022-10-28 00:00,2385,31.423,650,14.244,35.5,0.061
529,Five,2022-10-29 00:00,2301,51.855,548,11.139,22.6,0.087
530,Five,2022-10-30 00:00,2554,47.985,627,11.526,23.4,0.085
531,Five,2022-10-31 00:00,1695,22.35,477,6.187,29,0.072
532,Five,2022-11-01 00:00,2201,25.18,455,5.236,19.7,0.095
533,Five,2022-11-02 00:00,2554,33.032,611,7.59,25,0.081
534,Five,2022-11-03 00:00,2554,28.124,728,8.752,34.8,0.062
535,Five,2022-11-04 00:00,2050,18.102,323,3.863,22.6,0.087
536,Five,2022-11-05 00:00,882,10.31,158,1.8,15.5,0.109
537,Five,2022-11-06 00:00,2440,24.703,383,3.385,17.1,0.103
538,Five,2022-11-07 00:00,2554,53.735,503,10.443,20.3,0.093
539,Five,2022-11-08 00:00,2554,46.771,548,11.442,20.9,0.091
540,Five,2022-11-09 00:00,2554,40.395,569,9.463,22.6,0.087
541,Five,2022-11-10 00:00,2554,47.184,671,10.73,23.8,0.084
542,Five,2022-11-11 00:00,2311,28.028,599,8.718,28.9,0.073
543,Five,2022-11-12 00:00,1361,19.843,418,5.208,28.4,0.074
544,Five,2022-11-13 00:00,1746,12.523,248,3.22,24.2,0.083
545,Five,2022-11-14 00:00,2554,41.587,738,10.869,26.1,0.078
546,Five,2022-11-15 00:00,2396,42.697,533,9.83,22.5,0.087
547,Five,2022-11-16 00:00,2212,60.223,572,12.997,24.8,0.081
548,Five,2022-11-17 00:00,2554,38.429,648,9.894,27.3,0.076
549,Five,2022-11-18 00:00,1070,9.037,262,2.529,29.7,0.071
550,Five,2022-11-19 00:00,2554,34.108,679,8.377,25.1,0.081
551,Five,2022-11-20 00:00,2554,55.056,905,12.306,28.2,0.074
552,Five,2022-11-21 00:00,2554,48.053,753,12.061,24.5,0.082
553,Five,2022-11-22 00:00,2475,60.025,724,15.399,29.1,0.072
554,Five,2022-11-23 00:00,2554,42.425,663,12.581,29.4,0.072
555,Five,2022-11-24 00:00,2406,26.142,642,6.619,27.1,0.076
556,Five,2022-11-25 00:00,2520,49.8,680,15.632,28,0.074
557,Five,2022-11-26 00:00,2554,51.699,566,10.125,21.1,0.091
558,Five,2022-11-27 00:00,2554,55.307,568,11.552,21.4,0.09
559,Five,2022-11-28 00:00,2554,58.337,719,15.29,27.3,0.076
560,Five,2022-11-29 00:00,2554,58.866,507,10.837,19.3,0.096
561,Five,2022-11-30 00:00,2540,55.186,613,13.55,24,0.084
562,Five,2022-12-01 00:00,2415,58.294,616,13.234,25.4,0.08
563,Five,2022-12-02 00:00,2554,61.583,696,13.521,26,0.079
564,gap,2022-12-03 00:00,2297,60.522,NA,NA,NA,NA
565,gap,2022-12-04 00:00,2549,57.8,NA,NA,NA,NA
566,gap,2022-12-05 00:00,2435,61.653,NA,NA,NA,NA
567,gap,2022-12-06 00:00,2554,56.767,NA,NA,NA,NA
568,gap,2022-12-07 00:00,2440,48.386,NA,NA,NA,NA
569,gap,2022-12-08 00:00,2554,55.843,NA,NA,NA,NA
570,gap,2022-12-09 00:00,2242,55.479,NA,NA,NA,NA
571,gap,2022-12-10 00:00,2527,44.561,NA,NA,NA,NA
572,gap,2022-12-11 00:00,1875,17.237,NA,NA,NA,NA
573,gap,2022-12-12 00:00,695,8.565,NA,NA,NA,NA
574,gap,2022-12-13 00:00,2554,43.507,NA,NA,NA,NA
575,gap,2022-12-14 00:00,2306,48.509,NA,NA,NA,NA
576,gap,2022-12-15 00:00,2450,53.731,NA,NA,NA,NA
577,gap,2022-12-16 00:00,2411,49.331,NA,NA,NA,NA
578,gap,2022-12-17 00:00,2331,42.737,NA,NA,NA,NA
579,gap,2022-12-18 00:00,2122,30.637,NA,NA,NA,NA
580,gap,2022-12-19 00:00,2357,52.126,NA,NA,NA,NA
581,gap,2022-12-20 00:00,2554,56.694,NA,NA,NA,NA
582,gap,2022-12-21 00:00,2456,51.355,NA,NA,NA,NA
583,gap,2022-12-22 00:00,2499,50.657,NA,NA,NA,NA
584,gap,2022-12-23 00:00,2554,37.474,NA,NA,NA,NA
585,gap,2022-12-24 00:00,1877,25.225,NA,NA,NA,NA
586,gap,2022-12-25 00:00,2544,58.825,NA,NA,NA,NA
587,gap,2022-12-26 00:00,2554,62.327,NA,NA,NA,NA
588,gap,2022-12-27 00:00,2539,42.663,NA,NA,NA,NA
589,gap,2022-12-28 00:00,2514,60.16,NA,NA,NA,NA
590,gap,2022-12-29 00:00,2554,56.938,NA,NA,NA,NA
591,gap,2022-12-30 00:00,2554,48.634,NA,NA,NA,NA
592,gap,2022-12-31 00:00,2514,49.865,NA,NA,NA,NA
593,gap,2023-01-01 00:00,2292,59.215,NA,NA,NA,NA
594,gap,2023-01-02 00:00,2446,42.135,NA,NA,NA,NA
595,gap,2023-01-03 00:00,2396,40.573,NA,NA,NA,NA
596,gap,2023-01-04 00:00,2554,42.599,NA,NA,NA,NA
597,gap,2023-01-05 00:00,2554,50.464,NA,NA,NA,NA
598,gap,2023-01-06 00:00,2554,58.434,NA,NA,NA,NA
599,gap,2023-01-07 00:00,2554,58.311,NA,NA,NA,NA
600,gap,2023-01-08 00:00,2554,45.774,NA,NA,NA,NA
601,gap,2023-01-09 00:00,762,13.594,NA,NA,NA,NA
602,gap,2023-01-10 00:00,1132,16.818,NA,NA,NA,NA
603,gap,2023-01-11 00:00,1994,19.46,NA,NA,NA,NA
604,gap,2023-01-12 00:00,877,14.687,NA,NA,NA,NA
605,gap,2023-01-13 00:00,2165,17.59,NA,NA,NA,NA
606,gap,2023-01-14 00:00,1571,25.726,NA,NA,NA,NA
607,gap,2023-01-15 00:00,1721,23.113,NA,NA,NA,NA
608,gap,2023-01-16 00:00,2235,41.794,NA,NA,NA,NA
609,gap,2023-01-17 00:00,2442,55.09,NA,NA,NA,NA
610,gap,2023-01-18 00:00,2554,53.494,NA,NA,NA,NA
611,gap,2023-01-19 00:00,2554,51.064,NA,NA,NA,NA
612,gap,2023-01-20 00:00,2287,57.481,NA,NA,NA,NA
613,gap,2023-01-21 00:00,2356,50.149,NA,NA,NA,NA
614,gap,2023-01-22 00:00,2554,28.2,NA,NA,NA,NA
615,gap,2023-01-23 00:00,1830,20.419,NA,NA,NA,NA
616,gap,2023-01-24 00:00,2554,46.636,NA,NA,NA,NA
617,gap,2023-01-25 00:00,2529,57.378,NA,NA,NA,NA
618,gap,2023-01-26 00:00,2554,32.532,NA,NA,NA,NA
619,gap,2023-01-27 00:00,2475,46.744,NA,NA,NA,NA
620,gap,2023-01-28 00:00,2316,62.695,NA,NA,NA,NA
621,gap,2023-01-29 00:00,2422,56.243,NA,NA,NA,NA
